Algorithm,NoiseType,SNR,T60,Condition,Metric,Score
DSB,white,0.0,0.15,"T60=0.15, SNR=0dB",PESQ,1.1658819913864136
DSB,white,0.0,0.15,"T60=0.15, SNR=0dB",ESTOI,0.6892183423042297
DSB,white,0.0,0.15,"T60=0.15, SNR=0dB",SI_SDR,6.468131065368652
DSB,inter,0.0,0.15,"T60=0.15, SNR=0dB",PESQ,1.4363921880722046
DSB,inter,0.0,0.15,"T60=0.15, SNR=0dB",ESTOI,0.8637956380844116
DSB,inter,0.0,0.15,"T60=0.15, SNR=0dB",SI_SDR,1.3973878622055054
MVDR,white,0.0,0.15,"T60=0.15, SNR=0dB",PESQ,1.1918634176254272
MVDR,white,0.0,0.15,"T60=0.15, SNR=0dB",ESTOI,0.691482424736023
MVDR,white,0.0,0.15,"T60=0.15, SNR=0dB",SI_SDR,7.32027530670166
MVDR,inter,0.0,0.15,"T60=0.15, SNR=0dB",PESQ,2.359779119491577
MVDR,inter,0.0,0.15,"T60=0.15, SNR=0dB",ESTOI,0.9558541178703308
MVDR,inter,0.0,0.15,"T60=0.15, SNR=0dB",SI_SDR,11.857803344726562
Denoiser,white,0.0,0.15,"T60=0.15, SNR=0dB",PESQ,1.7265560626983643
Denoiser,white,0.0,0.15,"T60=0.15, SNR=0dB",ESTOI,0.6634073853492737
Denoiser,white,0.0,0.15,"T60=0.15, SNR=0dB",SI_SDR,13.565637588500977
Denoiser,inter,0.0,0.15,"T60=0.15, SNR=0dB",PESQ,1.2121857404708862
Denoiser,inter,0.0,0.15,"T60=0.15, SNR=0dB",ESTOI,0.7953569889068604
Denoiser,inter,0.0,0.15,"T60=0.15, SNR=0dB",SI_SDR,0.7024387121200562
DSB,white,0.0,0.15,"T60=0.15, SNR=0dB",PESQ,1.2302017211914062
DSB,white,0.0,0.15,"T60=0.15, SNR=0dB",ESTOI,0.683639407157898
DSB,white,0.0,0.15,"T60=0.15, SNR=0dB",SI_SDR,5.297089576721191
DSB,inter,0.0,0.15,"T60=0.15, SNR=0dB",PESQ,1.2586106061935425
DSB,inter,0.0,0.15,"T60=0.15, SNR=0dB",ESTOI,0.6406509280204773
DSB,inter,0.0,0.15,"T60=0.15, SNR=0dB",SI_SDR,1.8636475801467896
MVDR,white,0.0,0.15,"T60=0.15, SNR=0dB",PESQ,1.2540044784545898
MVDR,white,0.0,0.15,"T60=0.15, SNR=0dB",ESTOI,0.7179060578346252
MVDR,white,0.0,0.15,"T60=0.15, SNR=0dB",SI_SDR,6.4344401359558105
MVDR,inter,0.0,0.15,"T60=0.15, SNR=0dB",PESQ,2.2225685119628906
MVDR,inter,0.0,0.15,"T60=0.15, SNR=0dB",ESTOI,0.8661720156669617
MVDR,inter,0.0,0.15,"T60=0.15, SNR=0dB",SI_SDR,-0.5812397003173828
Denoiser,white,0.0,0.15,"T60=0.15, SNR=0dB",PESQ,1.651907205581665
Denoiser,white,0.0,0.15,"T60=0.15, SNR=0dB",ESTOI,0.6727830171585083
Denoiser,white,0.0,0.15,"T60=0.15, SNR=0dB",SI_SDR,9.234598159790039
Denoiser,inter,0.0,0.15,"T60=0.15, SNR=0dB",PESQ,1.089409351348877
Denoiser,inter,0.0,0.15,"T60=0.15, SNR=0dB",ESTOI,0.45632344484329224
Denoiser,inter,0.0,0.15,"T60=0.15, SNR=0dB",SI_SDR,-4.549886703491211
DSB,white,0.0,0.15,"T60=0.15, SNR=0dB",PESQ,1.046836256980896
DSB,white,0.0,0.15,"T60=0.15, SNR=0dB",ESTOI,0.6922971606254578
DSB,white,0.0,0.15,"T60=0.15, SNR=0dB",SI_SDR,6.492195129394531
DSB,inter,0.0,0.15,"T60=0.15, SNR=0dB",PESQ,1.27842116355896
DSB,inter,0.0,0.15,"T60=0.15, SNR=0dB",ESTOI,0.7572499513626099
DSB,inter,0.0,0.15,"T60=0.15, SNR=0dB",SI_SDR,2.137284278869629
MVDR,white,0.0,0.15,"T60=0.15, SNR=0dB",PESQ,1.0504000186920166
MVDR,white,0.0,0.15,"T60=0.15, SNR=0dB",ESTOI,0.7325531244277954
MVDR,white,0.0,0.15,"T60=0.15, SNR=0dB",SI_SDR,7.359034538269043
MVDR,inter,0.0,0.15,"T60=0.15, SNR=0dB",PESQ,2.155822277069092
MVDR,inter,0.0,0.15,"T60=0.15, SNR=0dB",ESTOI,0.8957212567329407
MVDR,inter,0.0,0.15,"T60=0.15, SNR=0dB",SI_SDR,8.498278617858887
Denoiser,white,0.0,0.15,"T60=0.15, SNR=0dB",PESQ,1.389920949935913
Denoiser,white,0.0,0.15,"T60=0.15, SNR=0dB",ESTOI,0.6962214112281799
Denoiser,white,0.0,0.15,"T60=0.15, SNR=0dB",SI_SDR,11.779167175292969
Denoiser,inter,0.0,0.15,"T60=0.15, SNR=0dB",PESQ,1.2741299867630005
Denoiser,inter,0.0,0.15,"T60=0.15, SNR=0dB",ESTOI,0.7109972834587097
Denoiser,inter,0.0,0.15,"T60=0.15, SNR=0dB",SI_SDR,-1.2232815027236938
DSB,white,0.0,0.15,"T60=0.15, SNR=0dB",PESQ,1.0392519235610962
DSB,white,0.0,0.15,"T60=0.15, SNR=0dB",ESTOI,0.5833577513694763
DSB,white,0.0,0.15,"T60=0.15, SNR=0dB",SI_SDR,5.683119773864746
DSB,inter,0.0,0.15,"T60=0.15, SNR=0dB",PESQ,1.132451057434082
DSB,inter,0.0,0.15,"T60=0.15, SNR=0dB",ESTOI,0.5825864672660828
DSB,inter,0.0,0.15,"T60=0.15, SNR=0dB",SI_SDR,1.9764022827148438
MVDR,white,0.0,0.15,"T60=0.15, SNR=0dB",PESQ,1.044800877571106
MVDR,white,0.0,0.15,"T60=0.15, SNR=0dB",ESTOI,0.6118834614753723
MVDR,white,0.0,0.15,"T60=0.15, SNR=0dB",SI_SDR,7.040547847747803
MVDR,inter,0.0,0.15,"T60=0.15, SNR=0dB",PESQ,2.032203197479248
MVDR,inter,0.0,0.15,"T60=0.15, SNR=0dB",ESTOI,0.9382340908050537
MVDR,inter,0.0,0.15,"T60=0.15, SNR=0dB",SI_SDR,-5.362407684326172
Denoiser,white,0.0,0.15,"T60=0.15, SNR=0dB",PESQ,1.1488808393478394
Denoiser,white,0.0,0.15,"T60=0.15, SNR=0dB",ESTOI,0.5292396545410156
Denoiser,white,0.0,0.15,"T60=0.15, SNR=0dB",SI_SDR,7.823326110839844
Denoiser,inter,0.0,0.15,"T60=0.15, SNR=0dB",PESQ,1.0679420232772827
Denoiser,inter,0.0,0.15,"T60=0.15, SNR=0dB",ESTOI,0.41593828797340393
Denoiser,inter,0.0,0.15,"T60=0.15, SNR=0dB",SI_SDR,-2.178986072540283
DSB,white,0.0,0.15,"T60=0.15, SNR=0dB",PESQ,1.0718539953231812
DSB,white,0.0,0.15,"T60=0.15, SNR=0dB",ESTOI,0.700320303440094
DSB,white,0.0,0.15,"T60=0.15, SNR=0dB",SI_SDR,5.127906322479248
DSB,inter,0.0,0.15,"T60=0.15, SNR=0dB",PESQ,1.2198541164398193
DSB,inter,0.0,0.15,"T60=0.15, SNR=0dB",ESTOI,0.6655281186103821
DSB,inter,0.0,0.15,"T60=0.15, SNR=0dB",SI_SDR,2.003614664077759
MVDR,white,0.0,0.15,"T60=0.15, SNR=0dB",PESQ,1.0813969373703003
MVDR,white,0.0,0.15,"T60=0.15, SNR=0dB",ESTOI,0.7244051694869995
MVDR,white,0.0,0.15,"T60=0.15, SNR=0dB",SI_SDR,6.827650547027588
MVDR,inter,0.0,0.15,"T60=0.15, SNR=0dB",PESQ,2.4366793632507324
MVDR,inter,0.0,0.15,"T60=0.15, SNR=0dB",ESTOI,0.9344029426574707
MVDR,inter,0.0,0.15,"T60=0.15, SNR=0dB",SI_SDR,7.268829822540283
Denoiser,white,0.0,0.15,"T60=0.15, SNR=0dB",PESQ,1.5509120225906372
Denoiser,white,0.0,0.15,"T60=0.15, SNR=0dB",ESTOI,0.7153488993644714
Denoiser,white,0.0,0.15,"T60=0.15, SNR=0dB",SI_SDR,9.44221019744873
Denoiser,inter,0.0,0.15,"T60=0.15, SNR=0dB",PESQ,1.1564990282058716
Denoiser,inter,0.0,0.15,"T60=0.15, SNR=0dB",ESTOI,0.5444318652153015
Denoiser,inter,0.0,0.15,"T60=0.15, SNR=0dB",SI_SDR,-0.2609356939792633
DSB,white,0.0,0.15,"T60=0.15, SNR=0dB",PESQ,1.071557879447937
DSB,white,0.0,0.15,"T60=0.15, SNR=0dB",ESTOI,0.7378881573677063
DSB,white,0.0,0.15,"T60=0.15, SNR=0dB",SI_SDR,5.69856071472168
DSB,inter,0.0,0.15,"T60=0.15, SNR=0dB",PESQ,1.3462449312210083
DSB,inter,0.0,0.15,"T60=0.15, SNR=0dB",ESTOI,0.7294124364852905
DSB,inter,0.0,0.15,"T60=0.15, SNR=0dB",SI_SDR,2.841818332672119
MVDR,white,0.0,0.15,"T60=0.15, SNR=0dB",PESQ,1.0823339223861694
MVDR,white,0.0,0.15,"T60=0.15, SNR=0dB",ESTOI,0.7486328482627869
MVDR,white,0.0,0.15,"T60=0.15, SNR=0dB",SI_SDR,6.6551666259765625
MVDR,inter,0.0,0.15,"T60=0.15, SNR=0dB",PESQ,2.4378411769866943
MVDR,inter,0.0,0.15,"T60=0.15, SNR=0dB",ESTOI,0.8936533331871033
MVDR,inter,0.0,0.15,"T60=0.15, SNR=0dB",SI_SDR,4.019064426422119
Denoiser,white,0.0,0.15,"T60=0.15, SNR=0dB",PESQ,1.3985552787780762
Denoiser,white,0.0,0.15,"T60=0.15, SNR=0dB",ESTOI,0.7069597840309143
Denoiser,white,0.0,0.15,"T60=0.15, SNR=0dB",SI_SDR,8.913228988647461
Denoiser,inter,0.0,0.15,"T60=0.15, SNR=0dB",PESQ,1.1947290897369385
Denoiser,inter,0.0,0.15,"T60=0.15, SNR=0dB",ESTOI,0.4518238306045532
Denoiser,inter,0.0,0.15,"T60=0.15, SNR=0dB",SI_SDR,-2.9450464248657227
DSB,white,0.0,0.15,"T60=0.15, SNR=0dB",PESQ,1.0590755939483643
DSB,white,0.0,0.15,"T60=0.15, SNR=0dB",ESTOI,0.6596327424049377
DSB,white,0.0,0.15,"T60=0.15, SNR=0dB",SI_SDR,5.597635269165039
DSB,inter,0.0,0.15,"T60=0.15, SNR=0dB",PESQ,1.1156339645385742
DSB,inter,0.0,0.15,"T60=0.15, SNR=0dB",ESTOI,0.7154803276062012
DSB,inter,0.0,0.15,"T60=0.15, SNR=0dB",SI_SDR,1.6527602672576904
MVDR,white,0.0,0.15,"T60=0.15, SNR=0dB",PESQ,1.0729025602340698
MVDR,white,0.0,0.15,"T60=0.15, SNR=0dB",ESTOI,0.6993014812469482
MVDR,white,0.0,0.15,"T60=0.15, SNR=0dB",SI_SDR,7.114074230194092
MVDR,inter,0.0,0.15,"T60=0.15, SNR=0dB",PESQ,2.045654773712158
MVDR,inter,0.0,0.15,"T60=0.15, SNR=0dB",ESTOI,0.9491289854049683
MVDR,inter,0.0,0.15,"T60=0.15, SNR=0dB",SI_SDR,10.08163070678711
Denoiser,white,0.0,0.15,"T60=0.15, SNR=0dB",PESQ,1.1365759372711182
Denoiser,white,0.0,0.15,"T60=0.15, SNR=0dB",ESTOI,0.6084380149841309
Denoiser,white,0.0,0.15,"T60=0.15, SNR=0dB",SI_SDR,8.50246810913086
Denoiser,inter,0.0,0.15,"T60=0.15, SNR=0dB",PESQ,1.0497877597808838
Denoiser,inter,0.0,0.15,"T60=0.15, SNR=0dB",ESTOI,0.4345986843109131
Denoiser,inter,0.0,0.15,"T60=0.15, SNR=0dB",SI_SDR,-2.111724853515625
DSB,white,0.0,0.15,"T60=0.15, SNR=0dB",PESQ,1.0315029621124268
DSB,white,0.0,0.15,"T60=0.15, SNR=0dB",ESTOI,0.5586766600608826
DSB,white,0.0,0.15,"T60=0.15, SNR=0dB",SI_SDR,6.721401214599609
DSB,inter,0.0,0.15,"T60=0.15, SNR=0dB",PESQ,1.1703605651855469
DSB,inter,0.0,0.15,"T60=0.15, SNR=0dB",ESTOI,0.6679896116256714
DSB,inter,0.0,0.15,"T60=0.15, SNR=0dB",SI_SDR,2.6182875633239746
MVDR,white,0.0,0.15,"T60=0.15, SNR=0dB",PESQ,1.0360485315322876
MVDR,white,0.0,0.15,"T60=0.15, SNR=0dB",ESTOI,0.575557291507721
MVDR,white,0.0,0.15,"T60=0.15, SNR=0dB",SI_SDR,7.494027614593506
MVDR,inter,0.0,0.15,"T60=0.15, SNR=0dB",PESQ,1.6637170314788818
MVDR,inter,0.0,0.15,"T60=0.15, SNR=0dB",ESTOI,0.8612416982650757
MVDR,inter,0.0,0.15,"T60=0.15, SNR=0dB",SI_SDR,4.405821800231934
Denoiser,white,0.0,0.15,"T60=0.15, SNR=0dB",PESQ,1.5544486045837402
Denoiser,white,0.0,0.15,"T60=0.15, SNR=0dB",ESTOI,0.6238079071044922
Denoiser,white,0.0,0.15,"T60=0.15, SNR=0dB",SI_SDR,11.791820526123047
Denoiser,inter,0.0,0.15,"T60=0.15, SNR=0dB",PESQ,1.083217740058899
Denoiser,inter,0.0,0.15,"T60=0.15, SNR=0dB",ESTOI,0.38071534037590027
Denoiser,inter,0.0,0.15,"T60=0.15, SNR=0dB",SI_SDR,-2.936417818069458
DSB,white,0.0,0.15,"T60=0.15, SNR=0dB",PESQ,1.0576534271240234
DSB,white,0.0,0.15,"T60=0.15, SNR=0dB",ESTOI,0.6034746170043945
DSB,white,0.0,0.15,"T60=0.15, SNR=0dB",SI_SDR,5.8557538986206055
DSB,inter,0.0,0.15,"T60=0.15, SNR=0dB",PESQ,1.483272671699524
DSB,inter,0.0,0.15,"T60=0.15, SNR=0dB",ESTOI,0.7211694717407227
DSB,inter,0.0,0.15,"T60=0.15, SNR=0dB",SI_SDR,3.981010675430298
MVDR,white,0.0,0.15,"T60=0.15, SNR=0dB",PESQ,1.067029356956482
MVDR,white,0.0,0.15,"T60=0.15, SNR=0dB",ESTOI,0.6226633787155151
MVDR,white,0.0,0.15,"T60=0.15, SNR=0dB",SI_SDR,6.902394771575928
MVDR,inter,0.0,0.15,"T60=0.15, SNR=0dB",PESQ,3.7115588188171387
MVDR,inter,0.0,0.15,"T60=0.15, SNR=0dB",ESTOI,0.9654387831687927
MVDR,inter,0.0,0.15,"T60=0.15, SNR=0dB",SI_SDR,12.380599021911621
Denoiser,white,0.0,0.15,"T60=0.15, SNR=0dB",PESQ,1.4062042236328125
Denoiser,white,0.0,0.15,"T60=0.15, SNR=0dB",ESTOI,0.5645229816436768
Denoiser,white,0.0,0.15,"T60=0.15, SNR=0dB",SI_SDR,10.828639030456543
Denoiser,inter,0.0,0.15,"T60=0.15, SNR=0dB",PESQ,1.1941889524459839
Denoiser,inter,0.0,0.15,"T60=0.15, SNR=0dB",ESTOI,0.5966624617576599
Denoiser,inter,0.0,0.15,"T60=0.15, SNR=0dB",SI_SDR,-0.5784159898757935
DSB,white,0.0,0.15,"T60=0.15, SNR=0dB",PESQ,1.120096206665039
DSB,white,0.0,0.15,"T60=0.15, SNR=0dB",ESTOI,0.7301385402679443
DSB,white,0.0,0.15,"T60=0.15, SNR=0dB",SI_SDR,5.766635417938232
DSB,inter,0.0,0.15,"T60=0.15, SNR=0dB",PESQ,1.2619351148605347
DSB,inter,0.0,0.15,"T60=0.15, SNR=0dB",ESTOI,0.7567796111106873
DSB,inter,0.0,0.15,"T60=0.15, SNR=0dB",SI_SDR,2.7182319164276123
MVDR,white,0.0,0.15,"T60=0.15, SNR=0dB",PESQ,1.1418266296386719
MVDR,white,0.0,0.15,"T60=0.15, SNR=0dB",ESTOI,0.7446463704109192
MVDR,white,0.0,0.15,"T60=0.15, SNR=0dB",SI_SDR,7.342825412750244
MVDR,inter,0.0,0.15,"T60=0.15, SNR=0dB",PESQ,2.2094130516052246
MVDR,inter,0.0,0.15,"T60=0.15, SNR=0dB",ESTOI,0.9117267727851868
MVDR,inter,0.0,0.15,"T60=0.15, SNR=0dB",SI_SDR,7.13578462600708
Denoiser,white,0.0,0.15,"T60=0.15, SNR=0dB",PESQ,1.8567250967025757
Denoiser,white,0.0,0.15,"T60=0.15, SNR=0dB",ESTOI,0.8067551255226135
Denoiser,white,0.0,0.15,"T60=0.15, SNR=0dB",SI_SDR,11.422590255737305
Denoiser,inter,0.0,0.15,"T60=0.15, SNR=0dB",PESQ,1.1180888414382935
Denoiser,inter,0.0,0.15,"T60=0.15, SNR=0dB",ESTOI,0.4521815776824951
Denoiser,inter,0.0,0.15,"T60=0.15, SNR=0dB",SI_SDR,-1.6066100597381592
DSB,white,0.0,0.15,"T60=0.15, SNR=0dB",PESQ,1.0732307434082031
DSB,white,0.0,0.15,"T60=0.15, SNR=0dB",ESTOI,0.6049678921699524
DSB,white,0.0,0.15,"T60=0.15, SNR=0dB",SI_SDR,6.090514183044434
DSB,inter,0.0,0.15,"T60=0.15, SNR=0dB",PESQ,1.274754524230957
DSB,inter,0.0,0.15,"T60=0.15, SNR=0dB",ESTOI,0.6206672787666321
DSB,inter,0.0,0.15,"T60=0.15, SNR=0dB",SI_SDR,4.559842586517334
MVDR,white,0.0,0.15,"T60=0.15, SNR=0dB",PESQ,1.0787583589553833
MVDR,white,0.0,0.15,"T60=0.15, SNR=0dB",ESTOI,0.6368635892868042
MVDR,white,0.0,0.15,"T60=0.15, SNR=0dB",SI_SDR,7.050348281860352
MVDR,inter,0.0,0.15,"T60=0.15, SNR=0dB",PESQ,2.5547080039978027
MVDR,inter,0.0,0.15,"T60=0.15, SNR=0dB",ESTOI,0.8277233242988586
MVDR,inter,0.0,0.15,"T60=0.15, SNR=0dB",SI_SDR,3.2345943450927734
Denoiser,white,0.0,0.15,"T60=0.15, SNR=0dB",PESQ,1.4102849960327148
Denoiser,white,0.0,0.15,"T60=0.15, SNR=0dB",ESTOI,0.6358209848403931
Denoiser,white,0.0,0.15,"T60=0.15, SNR=0dB",SI_SDR,10.019349098205566
Denoiser,inter,0.0,0.15,"T60=0.15, SNR=0dB",PESQ,1.1429238319396973
Denoiser,inter,0.0,0.15,"T60=0.15, SNR=0dB",ESTOI,0.562976062297821
Denoiser,inter,0.0,0.15,"T60=0.15, SNR=0dB",SI_SDR,-0.2635451555252075
DSB,white,0.0,0.15,"T60=0.15, SNR=0dB",PESQ,1.0508480072021484
DSB,white,0.0,0.15,"T60=0.15, SNR=0dB",ESTOI,0.598975419998169
DSB,white,0.0,0.15,"T60=0.15, SNR=0dB",SI_SDR,6.105525970458984
DSB,inter,0.0,0.15,"T60=0.15, SNR=0dB",PESQ,1.140102744102478
DSB,inter,0.0,0.15,"T60=0.15, SNR=0dB",ESTOI,0.562903642654419
DSB,inter,0.0,0.15,"T60=0.15, SNR=0dB",SI_SDR,1.2472190856933594
MVDR,white,0.0,0.15,"T60=0.15, SNR=0dB",PESQ,1.058122158050537
MVDR,white,0.0,0.15,"T60=0.15, SNR=0dB",ESTOI,0.6117323637008667
MVDR,white,0.0,0.15,"T60=0.15, SNR=0dB",SI_SDR,6.9107537269592285
MVDR,inter,0.0,0.15,"T60=0.15, SNR=0dB",PESQ,2.187023639678955
MVDR,inter,0.0,0.15,"T60=0.15, SNR=0dB",ESTOI,0.8134392499923706
MVDR,inter,0.0,0.15,"T60=0.15, SNR=0dB",SI_SDR,2.4467432498931885
Denoiser,white,0.0,0.15,"T60=0.15, SNR=0dB",PESQ,1.1732261180877686
Denoiser,white,0.0,0.15,"T60=0.15, SNR=0dB",ESTOI,0.5627052187919617
Denoiser,white,0.0,0.15,"T60=0.15, SNR=0dB",SI_SDR,9.411307334899902
Denoiser,inter,0.0,0.15,"T60=0.15, SNR=0dB",PESQ,1.0881478786468506
Denoiser,inter,0.0,0.15,"T60=0.15, SNR=0dB",ESTOI,0.37676602602005005
Denoiser,inter,0.0,0.15,"T60=0.15, SNR=0dB",SI_SDR,-2.83510684967041
DSB,white,0.0,0.15,"T60=0.15, SNR=0dB",PESQ,1.0410534143447876
DSB,white,0.0,0.15,"T60=0.15, SNR=0dB",ESTOI,0.6131962537765503
DSB,white,0.0,0.15,"T60=0.15, SNR=0dB",SI_SDR,5.602715015411377
DSB,inter,0.0,0.15,"T60=0.15, SNR=0dB",PESQ,1.2350656986236572
DSB,inter,0.0,0.15,"T60=0.15, SNR=0dB",ESTOI,0.5903556942939758
DSB,inter,0.0,0.15,"T60=0.15, SNR=0dB",SI_SDR,3.9140172004699707
MVDR,white,0.0,0.15,"T60=0.15, SNR=0dB",PESQ,1.0504451990127563
MVDR,white,0.0,0.15,"T60=0.15, SNR=0dB",ESTOI,0.6323980689048767
MVDR,white,0.0,0.15,"T60=0.15, SNR=0dB",SI_SDR,6.988319396972656
MVDR,inter,0.0,0.15,"T60=0.15, SNR=0dB",PESQ,2.5980589389801025
MVDR,inter,0.0,0.15,"T60=0.15, SNR=0dB",ESTOI,0.8845880627632141
MVDR,inter,0.0,0.15,"T60=0.15, SNR=0dB",SI_SDR,7.763113975524902
Denoiser,white,0.0,0.15,"T60=0.15, SNR=0dB",PESQ,1.208677053451538
Denoiser,white,0.0,0.15,"T60=0.15, SNR=0dB",ESTOI,0.46379485726356506
Denoiser,white,0.0,0.15,"T60=0.15, SNR=0dB",SI_SDR,4.369423866271973
Denoiser,inter,0.0,0.15,"T60=0.15, SNR=0dB",PESQ,1.0909544229507446
Denoiser,inter,0.0,0.15,"T60=0.15, SNR=0dB",ESTOI,0.3448981046676636
Denoiser,inter,0.0,0.15,"T60=0.15, SNR=0dB",SI_SDR,-1.976807713508606
DSB,white,0.0,0.15,"T60=0.15, SNR=0dB",PESQ,1.0592279434204102
DSB,white,0.0,0.15,"T60=0.15, SNR=0dB",ESTOI,0.566348135471344
DSB,white,0.0,0.15,"T60=0.15, SNR=0dB",SI_SDR,6.277496337890625
DSB,inter,0.0,0.15,"T60=0.15, SNR=0dB",PESQ,1.0872975587844849
DSB,inter,0.0,0.15,"T60=0.15, SNR=0dB",ESTOI,0.6826552748680115
DSB,inter,0.0,0.15,"T60=0.15, SNR=0dB",SI_SDR,2.359405040740967
MVDR,white,0.0,0.15,"T60=0.15, SNR=0dB",PESQ,1.0648434162139893
MVDR,white,0.0,0.15,"T60=0.15, SNR=0dB",ESTOI,0.6183913946151733
MVDR,white,0.0,0.15,"T60=0.15, SNR=0dB",SI_SDR,7.057542324066162
MVDR,inter,0.0,0.15,"T60=0.15, SNR=0dB",PESQ,1.6524524688720703
MVDR,inter,0.0,0.15,"T60=0.15, SNR=0dB",ESTOI,0.7999780774116516
MVDR,inter,0.0,0.15,"T60=0.15, SNR=0dB",SI_SDR,-0.7145341634750366
Denoiser,white,0.0,0.15,"T60=0.15, SNR=0dB",PESQ,1.162839412689209
Denoiser,white,0.0,0.15,"T60=0.15, SNR=0dB",ESTOI,0.6047297716140747
Denoiser,white,0.0,0.15,"T60=0.15, SNR=0dB",SI_SDR,9.068868637084961
Denoiser,inter,0.0,0.15,"T60=0.15, SNR=0dB",PESQ,1.1313774585723877
Denoiser,inter,0.0,0.15,"T60=0.15, SNR=0dB",ESTOI,0.5367531180381775
Denoiser,inter,0.0,0.15,"T60=0.15, SNR=0dB",SI_SDR,-0.49608755111694336
DSB,white,0.0,0.15,"T60=0.15, SNR=0dB",PESQ,1.0496482849121094
DSB,white,0.0,0.15,"T60=0.15, SNR=0dB",ESTOI,0.602007269859314
DSB,white,0.0,0.15,"T60=0.15, SNR=0dB",SI_SDR,6.288522720336914
DSB,inter,0.0,0.15,"T60=0.15, SNR=0dB",PESQ,1.333742618560791
DSB,inter,0.0,0.15,"T60=0.15, SNR=0dB",ESTOI,0.5819797515869141
DSB,inter,0.0,0.15,"T60=0.15, SNR=0dB",SI_SDR,2.323098659515381
MVDR,white,0.0,0.15,"T60=0.15, SNR=0dB",PESQ,1.0648442506790161
MVDR,white,0.0,0.15,"T60=0.15, SNR=0dB",ESTOI,0.6243358254432678
MVDR,white,0.0,0.15,"T60=0.15, SNR=0dB",SI_SDR,7.526913166046143
MVDR,inter,0.0,0.15,"T60=0.15, SNR=0dB",PESQ,2.6447935104370117
MVDR,inter,0.0,0.15,"T60=0.15, SNR=0dB",ESTOI,0.9173102378845215
MVDR,inter,0.0,0.15,"T60=0.15, SNR=0dB",SI_SDR,9.47111701965332
Denoiser,white,0.0,0.15,"T60=0.15, SNR=0dB",PESQ,1.409062385559082
Denoiser,white,0.0,0.15,"T60=0.15, SNR=0dB",ESTOI,0.6400536894798279
Denoiser,white,0.0,0.15,"T60=0.15, SNR=0dB",SI_SDR,11.915081024169922
Denoiser,inter,0.0,0.15,"T60=0.15, SNR=0dB",PESQ,1.1625717878341675
Denoiser,inter,0.0,0.15,"T60=0.15, SNR=0dB",ESTOI,0.43564078211784363
Denoiser,inter,0.0,0.15,"T60=0.15, SNR=0dB",SI_SDR,-2.4566855430603027
DSB,white,0.0,0.15,"T60=0.15, SNR=0dB",PESQ,1.0597249269485474
DSB,white,0.0,0.15,"T60=0.15, SNR=0dB",ESTOI,0.6542490720748901
DSB,white,0.0,0.15,"T60=0.15, SNR=0dB",SI_SDR,5.587822914123535
DSB,inter,0.0,0.15,"T60=0.15, SNR=0dB",PESQ,1.2830158472061157
DSB,inter,0.0,0.15,"T60=0.15, SNR=0dB",ESTOI,0.602066695690155
DSB,inter,0.0,0.15,"T60=0.15, SNR=0dB",SI_SDR,3.0560288429260254
MVDR,white,0.0,0.15,"T60=0.15, SNR=0dB",PESQ,1.0675748586654663
MVDR,white,0.0,0.15,"T60=0.15, SNR=0dB",ESTOI,0.6769283413887024
MVDR,white,0.0,0.15,"T60=0.15, SNR=0dB",SI_SDR,6.757411003112793
MVDR,inter,0.0,0.15,"T60=0.15, SNR=0dB",PESQ,2.7319488525390625
MVDR,inter,0.0,0.15,"T60=0.15, SNR=0dB",ESTOI,0.8992322683334351
MVDR,inter,0.0,0.15,"T60=0.15, SNR=0dB",SI_SDR,7.608419418334961
Denoiser,white,0.0,0.15,"T60=0.15, SNR=0dB",PESQ,1.4264503717422485
Denoiser,white,0.0,0.15,"T60=0.15, SNR=0dB",ESTOI,0.6926126480102539
Denoiser,white,0.0,0.15,"T60=0.15, SNR=0dB",SI_SDR,9.122759819030762
Denoiser,inter,0.0,0.15,"T60=0.15, SNR=0dB",PESQ,1.1418697834014893
Denoiser,inter,0.0,0.15,"T60=0.15, SNR=0dB",ESTOI,0.4746444523334503
Denoiser,inter,0.0,0.15,"T60=0.15, SNR=0dB",SI_SDR,-1.437545895576477
DSB,white,0.0,0.15,"T60=0.15, SNR=0dB",PESQ,1.181775450706482
DSB,white,0.0,0.15,"T60=0.15, SNR=0dB",ESTOI,0.615214467048645
DSB,white,0.0,0.15,"T60=0.15, SNR=0dB",SI_SDR,5.164258003234863
DSB,inter,0.0,0.15,"T60=0.15, SNR=0dB",PESQ,1.5365991592407227
DSB,inter,0.0,0.15,"T60=0.15, SNR=0dB",ESTOI,0.555286169052124
DSB,inter,0.0,0.15,"T60=0.15, SNR=0dB",SI_SDR,3.6885623931884766
MVDR,white,0.0,0.15,"T60=0.15, SNR=0dB",PESQ,1.2271324396133423
MVDR,white,0.0,0.15,"T60=0.15, SNR=0dB",ESTOI,0.6622744798660278
MVDR,white,0.0,0.15,"T60=0.15, SNR=0dB",SI_SDR,6.702545166015625
MVDR,inter,0.0,0.15,"T60=0.15, SNR=0dB",PESQ,2.6956329345703125
MVDR,inter,0.0,0.15,"T60=0.15, SNR=0dB",ESTOI,0.793694794178009
MVDR,inter,0.0,0.15,"T60=0.15, SNR=0dB",SI_SDR,-2.2906830310821533
Denoiser,white,0.0,0.15,"T60=0.15, SNR=0dB",PESQ,1.4039475917816162
Denoiser,white,0.0,0.15,"T60=0.15, SNR=0dB",ESTOI,0.6616758704185486
Denoiser,white,0.0,0.15,"T60=0.15, SNR=0dB",SI_SDR,11.106090545654297
Denoiser,inter,0.0,0.15,"T60=0.15, SNR=0dB",PESQ,1.2461414337158203
Denoiser,inter,0.0,0.15,"T60=0.15, SNR=0dB",ESTOI,0.4232756793498993
Denoiser,inter,0.0,0.15,"T60=0.15, SNR=0dB",SI_SDR,-0.3552068769931793
DSB,white,0.0,0.15,"T60=0.15, SNR=0dB",PESQ,1.0886210203170776
DSB,white,0.0,0.15,"T60=0.15, SNR=0dB",ESTOI,0.8117085695266724
DSB,white,0.0,0.15,"T60=0.15, SNR=0dB",SI_SDR,5.317105770111084
DSB,inter,0.0,0.15,"T60=0.15, SNR=0dB",PESQ,1.5752204656600952
DSB,inter,0.0,0.15,"T60=0.15, SNR=0dB",ESTOI,0.738734781742096
DSB,inter,0.0,0.15,"T60=0.15, SNR=0dB",SI_SDR,2.9062488079071045
MVDR,white,0.0,0.15,"T60=0.15, SNR=0dB",PESQ,1.0993785858154297
MVDR,white,0.0,0.15,"T60=0.15, SNR=0dB",ESTOI,0.8250898718833923
MVDR,white,0.0,0.15,"T60=0.15, SNR=0dB",SI_SDR,6.827743053436279
MVDR,inter,0.0,0.15,"T60=0.15, SNR=0dB",PESQ,2.4255034923553467
MVDR,inter,0.0,0.15,"T60=0.15, SNR=0dB",ESTOI,0.9314671158790588
MVDR,inter,0.0,0.15,"T60=0.15, SNR=0dB",SI_SDR,5.604704856872559
Denoiser,white,0.0,0.15,"T60=0.15, SNR=0dB",PESQ,1.303726077079773
Denoiser,white,0.0,0.15,"T60=0.15, SNR=0dB",ESTOI,0.7916866540908813
Denoiser,white,0.0,0.15,"T60=0.15, SNR=0dB",SI_SDR,7.64013671875
Denoiser,inter,0.0,0.15,"T60=0.15, SNR=0dB",PESQ,1.2828346490859985
Denoiser,inter,0.0,0.15,"T60=0.15, SNR=0dB",ESTOI,0.7302180528640747
Denoiser,inter,0.0,0.15,"T60=0.15, SNR=0dB",SI_SDR,-0.646761417388916
DSB,white,0.0,0.15,"T60=0.15, SNR=0dB",PESQ,1.0810500383377075
DSB,white,0.0,0.15,"T60=0.15, SNR=0dB",ESTOI,0.48982617259025574
DSB,white,0.0,0.15,"T60=0.15, SNR=0dB",SI_SDR,6.333202838897705
DSB,inter,0.0,0.15,"T60=0.15, SNR=0dB",PESQ,1.4305589199066162
DSB,inter,0.0,0.15,"T60=0.15, SNR=0dB",ESTOI,0.5886529684066772
DSB,inter,0.0,0.15,"T60=0.15, SNR=0dB",SI_SDR,2.5415658950805664
MVDR,white,0.0,0.15,"T60=0.15, SNR=0dB",PESQ,1.095401406288147
MVDR,white,0.0,0.15,"T60=0.15, SNR=0dB",ESTOI,0.508952260017395
MVDR,white,0.0,0.15,"T60=0.15, SNR=0dB",SI_SDR,7.317651748657227
MVDR,inter,0.0,0.15,"T60=0.15, SNR=0dB",PESQ,2.5403881072998047
MVDR,inter,0.0,0.15,"T60=0.15, SNR=0dB",ESTOI,0.8975471258163452
MVDR,inter,0.0,0.15,"T60=0.15, SNR=0dB",SI_SDR,8.395771026611328
Denoiser,white,0.0,0.15,"T60=0.15, SNR=0dB",PESQ,1.5514001846313477
Denoiser,white,0.0,0.15,"T60=0.15, SNR=0dB",ESTOI,0.5330668091773987
Denoiser,white,0.0,0.15,"T60=0.15, SNR=0dB",SI_SDR,11.847776412963867
Denoiser,inter,0.0,0.15,"T60=0.15, SNR=0dB",PESQ,1.1971540451049805
Denoiser,inter,0.0,0.15,"T60=0.15, SNR=0dB",ESTOI,0.4359758794307709
Denoiser,inter,0.0,0.15,"T60=0.15, SNR=0dB",SI_SDR,-1.1434075832366943
DSB,white,0.0,0.15,"T60=0.15, SNR=0dB",PESQ,1.1127614974975586
DSB,white,0.0,0.15,"T60=0.15, SNR=0dB",ESTOI,0.5686023235321045
DSB,white,0.0,0.15,"T60=0.15, SNR=0dB",SI_SDR,5.965814590454102
DSB,inter,0.0,0.15,"T60=0.15, SNR=0dB",PESQ,1.7358100414276123
DSB,inter,0.0,0.15,"T60=0.15, SNR=0dB",ESTOI,0.7342332005500793
DSB,inter,0.0,0.15,"T60=0.15, SNR=0dB",SI_SDR,4.077895641326904
MVDR,white,0.0,0.15,"T60=0.15, SNR=0dB",PESQ,1.1385324001312256
MVDR,white,0.0,0.15,"T60=0.15, SNR=0dB",ESTOI,0.5862219929695129
MVDR,white,0.0,0.15,"T60=0.15, SNR=0dB",SI_SDR,6.977376461029053
MVDR,inter,0.0,0.15,"T60=0.15, SNR=0dB",PESQ,3.6188387870788574
MVDR,inter,0.0,0.15,"T60=0.15, SNR=0dB",ESTOI,0.9092955589294434
MVDR,inter,0.0,0.15,"T60=0.15, SNR=0dB",SI_SDR,9.366695404052734
Denoiser,white,0.0,0.15,"T60=0.15, SNR=0dB",PESQ,1.6271169185638428
Denoiser,white,0.0,0.15,"T60=0.15, SNR=0dB",ESTOI,0.45305976271629333
Denoiser,white,0.0,0.15,"T60=0.15, SNR=0dB",SI_SDR,11.245861053466797
Denoiser,inter,0.0,0.15,"T60=0.15, SNR=0dB",PESQ,1.3478777408599854
Denoiser,inter,0.0,0.15,"T60=0.15, SNR=0dB",ESTOI,0.597068190574646
Denoiser,inter,0.0,0.15,"T60=0.15, SNR=0dB",SI_SDR,0.6852245330810547
DSB,white,10.0,0.15,"T60=0.15, SNR=10dB",PESQ,1.4570749998092651
DSB,white,10.0,0.15,"T60=0.15, SNR=10dB",ESTOI,0.8752460479736328
DSB,white,10.0,0.15,"T60=0.15, SNR=10dB",SI_SDR,14.475165367126465
DSB,inter,10.0,0.15,"T60=0.15, SNR=10dB",PESQ,2.202784776687622
DSB,inter,10.0,0.15,"T60=0.15, SNR=10dB",ESTOI,0.9536685943603516
DSB,inter,10.0,0.15,"T60=0.15, SNR=10dB",SI_SDR,10.700837135314941
MVDR,white,10.0,0.15,"T60=0.15, SNR=10dB",PESQ,1.4860687255859375
MVDR,white,10.0,0.15,"T60=0.15, SNR=10dB",ESTOI,0.894871711730957
MVDR,white,10.0,0.15,"T60=0.15, SNR=10dB",SI_SDR,16.519453048706055
MVDR,inter,10.0,0.15,"T60=0.15, SNR=10dB",PESQ,3.5921905040740967
MVDR,inter,10.0,0.15,"T60=0.15, SNR=10dB",ESTOI,0.959172785282135
MVDR,inter,10.0,0.15,"T60=0.15, SNR=10dB",SI_SDR,14.465209007263184
Denoiser,white,10.0,0.15,"T60=0.15, SNR=10dB",PESQ,2.3334152698516846
Denoiser,white,10.0,0.15,"T60=0.15, SNR=10dB",ESTOI,0.8587746620178223
Denoiser,white,10.0,0.15,"T60=0.15, SNR=10dB",SI_SDR,17.357709884643555
Denoiser,inter,10.0,0.15,"T60=0.15, SNR=10dB",PESQ,1.9359842538833618
Denoiser,inter,10.0,0.15,"T60=0.15, SNR=10dB",ESTOI,0.9339004158973694
Denoiser,inter,10.0,0.15,"T60=0.15, SNR=10dB",SI_SDR,10.400581359863281
DSB,white,10.0,0.15,"T60=0.15, SNR=10dB",PESQ,1.7038570642471313
DSB,white,10.0,0.15,"T60=0.15, SNR=10dB",ESTOI,0.9202482104301453
DSB,white,10.0,0.15,"T60=0.15, SNR=10dB",SI_SDR,10.864376068115234
DSB,inter,10.0,0.15,"T60=0.15, SNR=10dB",PESQ,2.0970919132232666
DSB,inter,10.0,0.15,"T60=0.15, SNR=10dB",ESTOI,0.8472898006439209
DSB,inter,10.0,0.15,"T60=0.15, SNR=10dB",SI_SDR,9.370302200317383
MVDR,white,10.0,0.15,"T60=0.15, SNR=10dB",PESQ,1.764441728591919
MVDR,white,10.0,0.15,"T60=0.15, SNR=10dB",ESTOI,0.9357765316963196
MVDR,white,10.0,0.15,"T60=0.15, SNR=10dB",SI_SDR,13.824442863464355
MVDR,inter,10.0,0.15,"T60=0.15, SNR=10dB",PESQ,3.620591402053833
MVDR,inter,10.0,0.15,"T60=0.15, SNR=10dB",ESTOI,0.9655900597572327
MVDR,inter,10.0,0.15,"T60=0.15, SNR=10dB",SI_SDR,9.37843132019043
Denoiser,white,10.0,0.15,"T60=0.15, SNR=10dB",PESQ,2.088724374771118
Denoiser,white,10.0,0.15,"T60=0.15, SNR=10dB",ESTOI,0.821262538433075
Denoiser,white,10.0,0.15,"T60=0.15, SNR=10dB",SI_SDR,11.1700439453125
Denoiser,inter,10.0,0.15,"T60=0.15, SNR=10dB",PESQ,1.6355698108673096
Denoiser,inter,10.0,0.15,"T60=0.15, SNR=10dB",ESTOI,0.790686309337616
Denoiser,inter,10.0,0.15,"T60=0.15, SNR=10dB",SI_SDR,9.254392623901367
DSB,white,10.0,0.15,"T60=0.15, SNR=10dB",PESQ,1.1269044876098633
DSB,white,10.0,0.15,"T60=0.15, SNR=10dB",ESTOI,0.8876463770866394
DSB,white,10.0,0.15,"T60=0.15, SNR=10dB",SI_SDR,14.579429626464844
DSB,inter,10.0,0.15,"T60=0.15, SNR=10dB",PESQ,1.9025793075561523
DSB,inter,10.0,0.15,"T60=0.15, SNR=10dB",ESTOI,0.9072991609573364
DSB,inter,10.0,0.15,"T60=0.15, SNR=10dB",SI_SDR,11.330513954162598
MVDR,white,10.0,0.15,"T60=0.15, SNR=10dB",PESQ,1.1659072637557983
MVDR,white,10.0,0.15,"T60=0.15, SNR=10dB",ESTOI,0.8975586891174316
MVDR,white,10.0,0.15,"T60=0.15, SNR=10dB",SI_SDR,16.381961822509766
MVDR,inter,10.0,0.15,"T60=0.15, SNR=10dB",PESQ,3.136827230453491
MVDR,inter,10.0,0.15,"T60=0.15, SNR=10dB",ESTOI,0.9529191851615906
MVDR,inter,10.0,0.15,"T60=0.15, SNR=10dB",SI_SDR,14.18215560913086
Denoiser,white,10.0,0.15,"T60=0.15, SNR=10dB",PESQ,2.2954368591308594
Denoiser,white,10.0,0.15,"T60=0.15, SNR=10dB",ESTOI,0.902408242225647
Denoiser,white,10.0,0.15,"T60=0.15, SNR=10dB",SI_SDR,17.132165908813477
Denoiser,inter,10.0,0.15,"T60=0.15, SNR=10dB",PESQ,1.7208845615386963
Denoiser,inter,10.0,0.15,"T60=0.15, SNR=10dB",ESTOI,0.9202463626861572
Denoiser,inter,10.0,0.15,"T60=0.15, SNR=10dB",SI_SDR,10.186883926391602
DSB,white,10.0,0.15,"T60=0.15, SNR=10dB",PESQ,1.2158585786819458
DSB,white,10.0,0.15,"T60=0.15, SNR=10dB",ESTOI,0.8250811696052551
DSB,white,10.0,0.15,"T60=0.15, SNR=10dB",SI_SDR,11.661478042602539
DSB,inter,10.0,0.15,"T60=0.15, SNR=10dB",PESQ,1.7125208377838135
DSB,inter,10.0,0.15,"T60=0.15, SNR=10dB",ESTOI,0.8112462759017944
DSB,inter,10.0,0.15,"T60=0.15, SNR=10dB",SI_SDR,9.785932540893555
MVDR,white,10.0,0.15,"T60=0.15, SNR=10dB",PESQ,1.2574549913406372
MVDR,white,10.0,0.15,"T60=0.15, SNR=10dB",ESTOI,0.852861762046814
MVDR,white,10.0,0.15,"T60=0.15, SNR=10dB",SI_SDR,15.103288650512695
MVDR,inter,10.0,0.15,"T60=0.15, SNR=10dB",PESQ,2.297391891479492
MVDR,inter,10.0,0.15,"T60=0.15, SNR=10dB",ESTOI,0.9496713876724243
MVDR,inter,10.0,0.15,"T60=0.15, SNR=10dB",SI_SDR,-1.213350772857666
Denoiser,white,10.0,0.15,"T60=0.15, SNR=10dB",PESQ,1.6623342037200928
Denoiser,white,10.0,0.15,"T60=0.15, SNR=10dB",ESTOI,0.8122637271881104
Denoiser,white,10.0,0.15,"T60=0.15, SNR=10dB",SI_SDR,13.864747047424316
Denoiser,inter,10.0,0.15,"T60=0.15, SNR=10dB",PESQ,1.3044066429138184
Denoiser,inter,10.0,0.15,"T60=0.15, SNR=10dB",ESTOI,0.7306053042411804
Denoiser,inter,10.0,0.15,"T60=0.15, SNR=10dB",SI_SDR,9.182488441467285
DSB,white,10.0,0.15,"T60=0.15, SNR=10dB",PESQ,1.3772083520889282
DSB,white,10.0,0.15,"T60=0.15, SNR=10dB",ESTOI,0.8921797275543213
DSB,white,10.0,0.15,"T60=0.15, SNR=10dB",SI_SDR,10.245858192443848
DSB,inter,10.0,0.15,"T60=0.15, SNR=10dB",PESQ,1.661346435546875
DSB,inter,10.0,0.15,"T60=0.15, SNR=10dB",ESTOI,0.8585253953933716
DSB,inter,10.0,0.15,"T60=0.15, SNR=10dB",SI_SDR,8.985222816467285
MVDR,white,10.0,0.15,"T60=0.15, SNR=10dB",PESQ,1.4255921840667725
MVDR,white,10.0,0.15,"T60=0.15, SNR=10dB",ESTOI,0.9119945168495178
MVDR,white,10.0,0.15,"T60=0.15, SNR=10dB",SI_SDR,14.383718490600586
MVDR,inter,10.0,0.15,"T60=0.15, SNR=10dB",PESQ,3.3906872272491455
MVDR,inter,10.0,0.15,"T60=0.15, SNR=10dB",ESTOI,0.9646624326705933
MVDR,inter,10.0,0.15,"T60=0.15, SNR=10dB",SI_SDR,11.325875282287598
Denoiser,white,10.0,0.15,"T60=0.15, SNR=10dB",PESQ,2.37217116355896
Denoiser,white,10.0,0.15,"T60=0.15, SNR=10dB",ESTOI,0.8834794163703918
Denoiser,white,10.0,0.15,"T60=0.15, SNR=10dB",SI_SDR,16.518115997314453
Denoiser,inter,10.0,0.15,"T60=0.15, SNR=10dB",PESQ,1.5126880407333374
Denoiser,inter,10.0,0.15,"T60=0.15, SNR=10dB",ESTOI,0.7968559861183167
Denoiser,inter,10.0,0.15,"T60=0.15, SNR=10dB",SI_SDR,11.09815502166748
DSB,white,10.0,0.15,"T60=0.15, SNR=10dB",PESQ,1.5181643962860107
DSB,white,10.0,0.15,"T60=0.15, SNR=10dB",ESTOI,0.9241763353347778
DSB,white,10.0,0.15,"T60=0.15, SNR=10dB",SI_SDR,11.918134689331055
DSB,inter,10.0,0.15,"T60=0.15, SNR=10dB",PESQ,2.2362618446350098
DSB,inter,10.0,0.15,"T60=0.15, SNR=10dB",ESTOI,0.9114115238189697
DSB,inter,10.0,0.15,"T60=0.15, SNR=10dB",SI_SDR,10.508773803710938
MVDR,white,10.0,0.15,"T60=0.15, SNR=10dB",PESQ,1.5734819173812866
MVDR,white,10.0,0.15,"T60=0.15, SNR=10dB",ESTOI,0.9367239475250244
MVDR,white,10.0,0.15,"T60=0.15, SNR=10dB",SI_SDR,14.490842819213867
MVDR,inter,10.0,0.15,"T60=0.15, SNR=10dB",PESQ,3.7386534214019775
MVDR,inter,10.0,0.15,"T60=0.15, SNR=10dB",ESTOI,0.96866774559021
MVDR,inter,10.0,0.15,"T60=0.15, SNR=10dB",SI_SDR,12.659078598022461
Denoiser,white,10.0,0.15,"T60=0.15, SNR=10dB",PESQ,2.1635684967041016
Denoiser,white,10.0,0.15,"T60=0.15, SNR=10dB",ESTOI,0.9034736156463623
Denoiser,white,10.0,0.15,"T60=0.15, SNR=10dB",SI_SDR,14.133245468139648
Denoiser,inter,10.0,0.15,"T60=0.15, SNR=10dB",PESQ,1.828586220741272
Denoiser,inter,10.0,0.15,"T60=0.15, SNR=10dB",ESTOI,0.8765799403190613
Denoiser,inter,10.0,0.15,"T60=0.15, SNR=10dB",SI_SDR,9.638702392578125
DSB,white,10.0,0.15,"T60=0.15, SNR=10dB",PESQ,1.3598922491073608
DSB,white,10.0,0.15,"T60=0.15, SNR=10dB",ESTOI,0.870251476764679
DSB,white,10.0,0.15,"T60=0.15, SNR=10dB",SI_SDR,11.3999605178833
DSB,inter,10.0,0.15,"T60=0.15, SNR=10dB",PESQ,1.6596732139587402
DSB,inter,10.0,0.15,"T60=0.15, SNR=10dB",ESTOI,0.8999504446983337
DSB,inter,10.0,0.15,"T60=0.15, SNR=10dB",SI_SDR,9.49050521850586
MVDR,white,10.0,0.15,"T60=0.15, SNR=10dB",PESQ,1.4227975606918335
MVDR,white,10.0,0.15,"T60=0.15, SNR=10dB",ESTOI,0.8873184323310852
MVDR,white,10.0,0.15,"T60=0.15, SNR=10dB",SI_SDR,15.040282249450684
MVDR,inter,10.0,0.15,"T60=0.15, SNR=10dB",PESQ,2.6622328758239746
MVDR,inter,10.0,0.15,"T60=0.15, SNR=10dB",ESTOI,0.9679672122001648
MVDR,inter,10.0,0.15,"T60=0.15, SNR=10dB",SI_SDR,11.528491973876953
Denoiser,white,10.0,0.15,"T60=0.15, SNR=10dB",PESQ,1.831649899482727
Denoiser,white,10.0,0.15,"T60=0.15, SNR=10dB",ESTOI,0.8399257063865662
Denoiser,white,10.0,0.15,"T60=0.15, SNR=10dB",SI_SDR,14.730082511901855
Denoiser,inter,10.0,0.15,"T60=0.15, SNR=10dB",PESQ,1.4270060062408447
Denoiser,inter,10.0,0.15,"T60=0.15, SNR=10dB",ESTOI,0.8230969309806824
Denoiser,inter,10.0,0.15,"T60=0.15, SNR=10dB",SI_SDR,10.276350021362305
DSB,white,10.0,0.15,"T60=0.15, SNR=10dB",PESQ,1.1608374118804932
DSB,white,10.0,0.15,"T60=0.15, SNR=10dB",ESTOI,0.7210417985916138
DSB,white,10.0,0.15,"T60=0.15, SNR=10dB",SI_SDR,15.65732192993164
DSB,inter,10.0,0.15,"T60=0.15, SNR=10dB",PESQ,1.6671202182769775
DSB,inter,10.0,0.15,"T60=0.15, SNR=10dB",ESTOI,0.8999720215797424
DSB,inter,10.0,0.15,"T60=0.15, SNR=10dB",SI_SDR,12.205291748046875
MVDR,white,10.0,0.15,"T60=0.15, SNR=10dB",PESQ,1.2103098630905151
MVDR,white,10.0,0.15,"T60=0.15, SNR=10dB",ESTOI,0.7365147471427917
MVDR,white,10.0,0.15,"T60=0.15, SNR=10dB",SI_SDR,16.9290714263916
MVDR,inter,10.0,0.15,"T60=0.15, SNR=10dB",PESQ,2.4688823223114014
MVDR,inter,10.0,0.15,"T60=0.15, SNR=10dB",ESTOI,0.9187099933624268
MVDR,inter,10.0,0.15,"T60=0.15, SNR=10dB",SI_SDR,9.760108947753906
Denoiser,white,10.0,0.15,"T60=0.15, SNR=10dB",PESQ,1.953266978263855
Denoiser,white,10.0,0.15,"T60=0.15, SNR=10dB",ESTOI,0.7603539824485779
Denoiser,white,10.0,0.15,"T60=0.15, SNR=10dB",SI_SDR,14.200133323669434
Denoiser,inter,10.0,0.15,"T60=0.15, SNR=10dB",PESQ,1.4744577407836914
Denoiser,inter,10.0,0.15,"T60=0.15, SNR=10dB",ESTOI,0.7996230125427246
Denoiser,inter,10.0,0.15,"T60=0.15, SNR=10dB",SI_SDR,8.099661827087402
DSB,white,10.0,0.15,"T60=0.15, SNR=10dB",PESQ,1.3480453491210938
DSB,white,10.0,0.15,"T60=0.15, SNR=10dB",ESTOI,0.8556841611862183
DSB,white,10.0,0.15,"T60=0.15, SNR=10dB",SI_SDR,12.383769989013672
DSB,inter,10.0,0.15,"T60=0.15, SNR=10dB",PESQ,2.3446803092956543
DSB,inter,10.0,0.15,"T60=0.15, SNR=10dB",ESTOI,0.9058325886726379
DSB,inter,10.0,0.15,"T60=0.15, SNR=10dB",SI_SDR,11.50021743774414
MVDR,white,10.0,0.15,"T60=0.15, SNR=10dB",PESQ,1.4059758186340332
MVDR,white,10.0,0.15,"T60=0.15, SNR=10dB",ESTOI,0.8709472417831421
MVDR,white,10.0,0.15,"T60=0.15, SNR=10dB",SI_SDR,15.146435737609863
MVDR,inter,10.0,0.15,"T60=0.15, SNR=10dB",PESQ,3.965543746948242
MVDR,inter,10.0,0.15,"T60=0.15, SNR=10dB",ESTOI,0.9700392484664917
MVDR,inter,10.0,0.15,"T60=0.15, SNR=10dB",SI_SDR,12.437480926513672
Denoiser,white,10.0,0.15,"T60=0.15, SNR=10dB",PESQ,1.7746764421463013
Denoiser,white,10.0,0.15,"T60=0.15, SNR=10dB",ESTOI,0.818040668964386
Denoiser,white,10.0,0.15,"T60=0.15, SNR=10dB",SI_SDR,16.075132369995117
Denoiser,inter,10.0,0.15,"T60=0.15, SNR=10dB",PESQ,1.6949033737182617
Denoiser,inter,10.0,0.15,"T60=0.15, SNR=10dB",ESTOI,0.8380367755889893
Denoiser,inter,10.0,0.15,"T60=0.15, SNR=10dB",SI_SDR,9.911759376525879
DSB,white,10.0,0.15,"T60=0.15, SNR=10dB",PESQ,1.517686128616333
DSB,white,10.0,0.15,"T60=0.15, SNR=10dB",ESTOI,0.9060631990432739
DSB,white,10.0,0.15,"T60=0.15, SNR=10dB",SI_SDR,11.923593521118164
DSB,inter,10.0,0.15,"T60=0.15, SNR=10dB",PESQ,1.9777089357376099
DSB,inter,10.0,0.15,"T60=0.15, SNR=10dB",ESTOI,0.8972903490066528
DSB,inter,10.0,0.15,"T60=0.15, SNR=10dB",SI_SDR,10.435815811157227
MVDR,white,10.0,0.15,"T60=0.15, SNR=10dB",PESQ,1.632558822631836
MVDR,white,10.0,0.15,"T60=0.15, SNR=10dB",ESTOI,0.9246757626533508
MVDR,white,10.0,0.15,"T60=0.15, SNR=10dB",SI_SDR,15.618300437927246
MVDR,inter,10.0,0.15,"T60=0.15, SNR=10dB",PESQ,3.0417816638946533
MVDR,inter,10.0,0.15,"T60=0.15, SNR=10dB",ESTOI,0.956572413444519
MVDR,inter,10.0,0.15,"T60=0.15, SNR=10dB",SI_SDR,12.211662292480469
Denoiser,white,10.0,0.15,"T60=0.15, SNR=10dB",PESQ,2.3670294284820557
Denoiser,white,10.0,0.15,"T60=0.15, SNR=10dB",ESTOI,0.912144660949707
Denoiser,white,10.0,0.15,"T60=0.15, SNR=10dB",SI_SDR,17.428529739379883
Denoiser,inter,10.0,0.15,"T60=0.15, SNR=10dB",PESQ,1.8677234649658203
Denoiser,inter,10.0,0.15,"T60=0.15, SNR=10dB",ESTOI,0.886795699596405
Denoiser,inter,10.0,0.15,"T60=0.15, SNR=10dB",SI_SDR,11.83076000213623
DSB,white,10.0,0.15,"T60=0.15, SNR=10dB",PESQ,1.350306510925293
DSB,white,10.0,0.15,"T60=0.15, SNR=10dB",ESTOI,0.8279924988746643
DSB,white,10.0,0.15,"T60=0.15, SNR=10dB",SI_SDR,12.748061180114746
DSB,inter,10.0,0.15,"T60=0.15, SNR=10dB",PESQ,1.9550187587738037
DSB,inter,10.0,0.15,"T60=0.15, SNR=10dB",ESTOI,0.8188762068748474
DSB,inter,10.0,0.15,"T60=0.15, SNR=10dB",SI_SDR,12.01751708984375
MVDR,white,10.0,0.15,"T60=0.15, SNR=10dB",PESQ,1.3990302085876465
MVDR,white,10.0,0.15,"T60=0.15, SNR=10dB",ESTOI,0.8528235554695129
MVDR,white,10.0,0.15,"T60=0.15, SNR=10dB",SI_SDR,15.311888694763184
MVDR,inter,10.0,0.15,"T60=0.15, SNR=10dB",PESQ,3.231806755065918
MVDR,inter,10.0,0.15,"T60=0.15, SNR=10dB",ESTOI,0.9331381320953369
MVDR,inter,10.0,0.15,"T60=0.15, SNR=10dB",SI_SDR,11.607943534851074
Denoiser,white,10.0,0.15,"T60=0.15, SNR=10dB",PESQ,1.884439468383789
Denoiser,white,10.0,0.15,"T60=0.15, SNR=10dB",ESTOI,0.8163921236991882
Denoiser,white,10.0,0.15,"T60=0.15, SNR=10dB",SI_SDR,16.37141990661621
Denoiser,inter,10.0,0.15,"T60=0.15, SNR=10dB",PESQ,1.4648385047912598
Denoiser,inter,10.0,0.15,"T60=0.15, SNR=10dB",ESTOI,0.7917942404747009
Denoiser,inter,10.0,0.15,"T60=0.15, SNR=10dB",SI_SDR,10.121479034423828
DSB,white,10.0,0.15,"T60=0.15, SNR=10dB",PESQ,1.3216488361358643
DSB,white,10.0,0.15,"T60=0.15, SNR=10dB",ESTOI,0.8001218438148499
DSB,white,10.0,0.15,"T60=0.15, SNR=10dB",SI_SDR,12.865754127502441
DSB,inter,10.0,0.15,"T60=0.15, SNR=10dB",PESQ,1.6786237955093384
DSB,inter,10.0,0.15,"T60=0.15, SNR=10dB",ESTOI,0.7951862812042236
DSB,inter,10.0,0.15,"T60=0.15, SNR=10dB",SI_SDR,9.838443756103516
MVDR,white,10.0,0.15,"T60=0.15, SNR=10dB",PESQ,1.404484510421753
MVDR,white,10.0,0.15,"T60=0.15, SNR=10dB",ESTOI,0.8258551955223083
MVDR,white,10.0,0.15,"T60=0.15, SNR=10dB",SI_SDR,15.81395149230957
MVDR,inter,10.0,0.15,"T60=0.15, SNR=10dB",PESQ,3.65452241897583
MVDR,inter,10.0,0.15,"T60=0.15, SNR=10dB",ESTOI,0.9485452175140381
MVDR,inter,10.0,0.15,"T60=0.15, SNR=10dB",SI_SDR,10.71141242980957
Denoiser,white,10.0,0.15,"T60=0.15, SNR=10dB",PESQ,1.483744502067566
Denoiser,white,10.0,0.15,"T60=0.15, SNR=10dB",ESTOI,0.7595140933990479
Denoiser,white,10.0,0.15,"T60=0.15, SNR=10dB",SI_SDR,14.073262214660645
Denoiser,inter,10.0,0.15,"T60=0.15, SNR=10dB",PESQ,1.430939793586731
Denoiser,inter,10.0,0.15,"T60=0.15, SNR=10dB",ESTOI,0.7267518639564514
Denoiser,inter,10.0,0.15,"T60=0.15, SNR=10dB",SI_SDR,10.531519889831543
DSB,white,10.0,0.15,"T60=0.15, SNR=10dB",PESQ,1.3095903396606445
DSB,white,10.0,0.15,"T60=0.15, SNR=10dB",ESTOI,0.8091460466384888
DSB,white,10.0,0.15,"T60=0.15, SNR=10dB",SI_SDR,11.67934799194336
DSB,inter,10.0,0.15,"T60=0.15, SNR=10dB",PESQ,2.156175136566162
DSB,inter,10.0,0.15,"T60=0.15, SNR=10dB",ESTOI,0.8166025876998901
DSB,inter,10.0,0.15,"T60=0.15, SNR=10dB",SI_SDR,10.92300033569336
MVDR,white,10.0,0.15,"T60=0.15, SNR=10dB",PESQ,1.3545546531677246
MVDR,white,10.0,0.15,"T60=0.15, SNR=10dB",ESTOI,0.8282444477081299
MVDR,white,10.0,0.15,"T60=0.15, SNR=10dB",SI_SDR,14.352402687072754
MVDR,inter,10.0,0.15,"T60=0.15, SNR=10dB",PESQ,3.1580073833465576
MVDR,inter,10.0,0.15,"T60=0.15, SNR=10dB",ESTOI,0.9495806694030762
MVDR,inter,10.0,0.15,"T60=0.15, SNR=10dB",SI_SDR,11.653942108154297
Denoiser,white,10.0,0.15,"T60=0.15, SNR=10dB",PESQ,1.761615514755249
Denoiser,white,10.0,0.15,"T60=0.15, SNR=10dB",ESTOI,0.752543568611145
Denoiser,white,10.0,0.15,"T60=0.15, SNR=10dB",SI_SDR,16.20168685913086
Denoiser,inter,10.0,0.15,"T60=0.15, SNR=10dB",PESQ,1.6118276119232178
Denoiser,inter,10.0,0.15,"T60=0.15, SNR=10dB",ESTOI,0.7288342714309692
Denoiser,inter,10.0,0.15,"T60=0.15, SNR=10dB",SI_SDR,10.497161865234375
DSB,white,10.0,0.15,"T60=0.15, SNR=10dB",PESQ,1.3082842826843262
DSB,white,10.0,0.15,"T60=0.15, SNR=10dB",ESTOI,0.7997971177101135
DSB,white,10.0,0.15,"T60=0.15, SNR=10dB",SI_SDR,13.48298168182373
DSB,inter,10.0,0.15,"T60=0.15, SNR=10dB",PESQ,1.3631150722503662
DSB,inter,10.0,0.15,"T60=0.15, SNR=10dB",ESTOI,0.8910998702049255
DSB,inter,10.0,0.15,"T60=0.15, SNR=10dB",SI_SDR,11.05412483215332
MVDR,white,10.0,0.15,"T60=0.15, SNR=10dB",PESQ,1.3929200172424316
MVDR,white,10.0,0.15,"T60=0.15, SNR=10dB",ESTOI,0.8204721212387085
MVDR,white,10.0,0.15,"T60=0.15, SNR=10dB",SI_SDR,16.14204978942871
MVDR,inter,10.0,0.15,"T60=0.15, SNR=10dB",PESQ,2.150538444519043
MVDR,inter,10.0,0.15,"T60=0.15, SNR=10dB",ESTOI,0.8723498582839966
MVDR,inter,10.0,0.15,"T60=0.15, SNR=10dB",SI_SDR,7.672375679016113
Denoiser,white,10.0,0.15,"T60=0.15, SNR=10dB",PESQ,1.6283793449401855
Denoiser,white,10.0,0.15,"T60=0.15, SNR=10dB",ESTOI,0.7953199148178101
Denoiser,white,10.0,0.15,"T60=0.15, SNR=10dB",SI_SDR,12.155033111572266
Denoiser,inter,10.0,0.15,"T60=0.15, SNR=10dB",PESQ,1.3433359861373901
Denoiser,inter,10.0,0.15,"T60=0.15, SNR=10dB",ESTOI,0.7723621129989624
Denoiser,inter,10.0,0.15,"T60=0.15, SNR=10dB",SI_SDR,9.547115325927734
DSB,white,10.0,0.15,"T60=0.15, SNR=10dB",PESQ,1.2846851348876953
DSB,white,10.0,0.15,"T60=0.15, SNR=10dB",ESTOI,0.8304938077926636
DSB,white,10.0,0.15,"T60=0.15, SNR=10dB",SI_SDR,13.625741958618164
DSB,inter,10.0,0.15,"T60=0.15, SNR=10dB",PESQ,2.157771110534668
DSB,inter,10.0,0.15,"T60=0.15, SNR=10dB",ESTOI,0.8146427869796753
DSB,inter,10.0,0.15,"T60=0.15, SNR=10dB",SI_SDR,11.049784660339355
MVDR,white,10.0,0.15,"T60=0.15, SNR=10dB",PESQ,1.337273359298706
MVDR,white,10.0,0.15,"T60=0.15, SNR=10dB",ESTOI,0.8620191216468811
MVDR,white,10.0,0.15,"T60=0.15, SNR=10dB",SI_SDR,15.995379447937012
MVDR,inter,10.0,0.15,"T60=0.15, SNR=10dB",PESQ,3.6453282833099365
MVDR,inter,10.0,0.15,"T60=0.15, SNR=10dB",ESTOI,0.9533637166023254
MVDR,inter,10.0,0.15,"T60=0.15, SNR=10dB",SI_SDR,12.875747680664062
Denoiser,white,10.0,0.15,"T60=0.15, SNR=10dB",PESQ,1.8854718208312988
Denoiser,white,10.0,0.15,"T60=0.15, SNR=10dB",ESTOI,0.8521487712860107
Denoiser,white,10.0,0.15,"T60=0.15, SNR=10dB",SI_SDR,17.976491928100586
Denoiser,inter,10.0,0.15,"T60=0.15, SNR=10dB",PESQ,1.694265604019165
Denoiser,inter,10.0,0.15,"T60=0.15, SNR=10dB",ESTOI,0.7281973361968994
Denoiser,inter,10.0,0.15,"T60=0.15, SNR=10dB",SI_SDR,9.43675422668457
DSB,white,10.0,0.15,"T60=0.15, SNR=10dB",PESQ,1.2862788438796997
DSB,white,10.0,0.15,"T60=0.15, SNR=10dB",ESTOI,0.8603324294090271
DSB,white,10.0,0.15,"T60=0.15, SNR=10dB",SI_SDR,11.457117080688477
DSB,inter,10.0,0.15,"T60=0.15, SNR=10dB",PESQ,2.074244737625122
DSB,inter,10.0,0.15,"T60=0.15, SNR=10dB",ESTOI,0.8338786363601685
DSB,inter,10.0,0.15,"T60=0.15, SNR=10dB",SI_SDR,10.333748817443848
MVDR,white,10.0,0.15,"T60=0.15, SNR=10dB",PESQ,1.3387203216552734
MVDR,white,10.0,0.15,"T60=0.15, SNR=10dB",ESTOI,0.8830308318138123
MVDR,white,10.0,0.15,"T60=0.15, SNR=10dB",SI_SDR,14.094961166381836
MVDR,inter,10.0,0.15,"T60=0.15, SNR=10dB",PESQ,3.77207350730896
MVDR,inter,10.0,0.15,"T60=0.15, SNR=10dB",ESTOI,0.9497005939483643
MVDR,inter,10.0,0.15,"T60=0.15, SNR=10dB",SI_SDR,11.229007720947266
Denoiser,white,10.0,0.15,"T60=0.15, SNR=10dB",PESQ,2.0259127616882324
Denoiser,white,10.0,0.15,"T60=0.15, SNR=10dB",ESTOI,0.8628430962562561
Denoiser,white,10.0,0.15,"T60=0.15, SNR=10dB",SI_SDR,13.924847602844238
Denoiser,inter,10.0,0.15,"T60=0.15, SNR=10dB",PESQ,1.7337939739227295
Denoiser,inter,10.0,0.15,"T60=0.15, SNR=10dB",ESTOI,0.7986593842506409
Denoiser,inter,10.0,0.15,"T60=0.15, SNR=10dB",SI_SDR,10.21401596069336
DSB,white,10.0,0.15,"T60=0.15, SNR=10dB",PESQ,1.6239361763000488
DSB,white,10.0,0.15,"T60=0.15, SNR=10dB",ESTOI,0.8454642295837402
DSB,white,10.0,0.15,"T60=0.15, SNR=10dB",SI_SDR,10.459078788757324
DSB,inter,10.0,0.15,"T60=0.15, SNR=10dB",PESQ,2.3817553520202637
DSB,inter,10.0,0.15,"T60=0.15, SNR=10dB",ESTOI,0.8121398091316223
DSB,inter,10.0,0.15,"T60=0.15, SNR=10dB",SI_SDR,9.921000480651855
MVDR,white,10.0,0.15,"T60=0.15, SNR=10dB",PESQ,1.7048614025115967
MVDR,white,10.0,0.15,"T60=0.15, SNR=10dB",ESTOI,0.8785642981529236
MVDR,white,10.0,0.15,"T60=0.15, SNR=10dB",SI_SDR,13.533257484436035
MVDR,inter,10.0,0.15,"T60=0.15, SNR=10dB",PESQ,3.738034963607788
MVDR,inter,10.0,0.15,"T60=0.15, SNR=10dB",ESTOI,0.8912823796272278
MVDR,inter,10.0,0.15,"T60=0.15, SNR=10dB",SI_SDR,9.14091968536377
Denoiser,white,10.0,0.15,"T60=0.15, SNR=10dB",PESQ,2.0183961391448975
Denoiser,white,10.0,0.15,"T60=0.15, SNR=10dB",ESTOI,0.8795650601387024
Denoiser,white,10.0,0.15,"T60=0.15, SNR=10dB",SI_SDR,15.81258773803711
Denoiser,inter,10.0,0.15,"T60=0.15, SNR=10dB",PESQ,1.9698328971862793
Denoiser,inter,10.0,0.15,"T60=0.15, SNR=10dB",ESTOI,0.7346831560134888
Denoiser,inter,10.0,0.15,"T60=0.15, SNR=10dB",SI_SDR,9.50306224822998
DSB,white,10.0,0.15,"T60=0.15, SNR=10dB",PESQ,1.424469232559204
DSB,white,10.0,0.15,"T60=0.15, SNR=10dB",ESTOI,0.9537056088447571
DSB,white,10.0,0.15,"T60=0.15, SNR=10dB",SI_SDR,10.753508567810059
DSB,inter,10.0,0.15,"T60=0.15, SNR=10dB",PESQ,2.413949966430664
DSB,inter,10.0,0.15,"T60=0.15, SNR=10dB",ESTOI,0.8510730266571045
DSB,inter,10.0,0.15,"T60=0.15, SNR=10dB",SI_SDR,9.816713333129883
MVDR,white,10.0,0.15,"T60=0.15, SNR=10dB",PESQ,1.5009561777114868
MVDR,white,10.0,0.15,"T60=0.15, SNR=10dB",ESTOI,0.9683194756507874
MVDR,white,10.0,0.15,"T60=0.15, SNR=10dB",SI_SDR,14.595331192016602
MVDR,inter,10.0,0.15,"T60=0.15, SNR=10dB",PESQ,3.206423282623291
MVDR,inter,10.0,0.15,"T60=0.15, SNR=10dB",ESTOI,0.9607942700386047
MVDR,inter,10.0,0.15,"T60=0.15, SNR=10dB",SI_SDR,11.080313682556152
Denoiser,white,10.0,0.15,"T60=0.15, SNR=10dB",PESQ,2.093494415283203
Denoiser,white,10.0,0.15,"T60=0.15, SNR=10dB",ESTOI,0.9429430961608887
Denoiser,white,10.0,0.15,"T60=0.15, SNR=10dB",SI_SDR,15.52175521850586
Denoiser,inter,10.0,0.15,"T60=0.15, SNR=10dB",PESQ,1.7718210220336914
Denoiser,inter,10.0,0.15,"T60=0.15, SNR=10dB",ESTOI,0.8608755469322205
Denoiser,inter,10.0,0.15,"T60=0.15, SNR=10dB",SI_SDR,10.000701904296875
DSB,white,10.0,0.15,"T60=0.15, SNR=10dB",PESQ,1.3492366075515747
DSB,white,10.0,0.15,"T60=0.15, SNR=10dB",ESTOI,0.6711850166320801
DSB,white,10.0,0.15,"T60=0.15, SNR=10dB",SI_SDR,14.060062408447266
DSB,inter,10.0,0.15,"T60=0.15, SNR=10dB",PESQ,2.3312313556671143
DSB,inter,10.0,0.15,"T60=0.15, SNR=10dB",ESTOI,0.8256245851516724
DSB,inter,10.0,0.15,"T60=0.15, SNR=10dB",SI_SDR,11.409062385559082
MVDR,white,10.0,0.15,"T60=0.15, SNR=10dB",PESQ,1.4054534435272217
MVDR,white,10.0,0.15,"T60=0.15, SNR=10dB",ESTOI,0.6856794357299805
MVDR,white,10.0,0.15,"T60=0.15, SNR=10dB",SI_SDR,16.25214385986328
MVDR,inter,10.0,0.15,"T60=0.15, SNR=10dB",PESQ,3.635531425476074
MVDR,inter,10.0,0.15,"T60=0.15, SNR=10dB",ESTOI,0.9438912868499756
MVDR,inter,10.0,0.15,"T60=0.15, SNR=10dB",SI_SDR,12.303340911865234
Denoiser,white,10.0,0.15,"T60=0.15, SNR=10dB",PESQ,2.059429407119751
Denoiser,white,10.0,0.15,"T60=0.15, SNR=10dB",ESTOI,0.7145164012908936
Denoiser,white,10.0,0.15,"T60=0.15, SNR=10dB",SI_SDR,18.911075592041016
Denoiser,inter,10.0,0.15,"T60=0.15, SNR=10dB",PESQ,1.7161643505096436
Denoiser,inter,10.0,0.15,"T60=0.15, SNR=10dB",ESTOI,0.731076717376709
Denoiser,inter,10.0,0.15,"T60=0.15, SNR=10dB",SI_SDR,9.093591690063477
DSB,white,10.0,0.15,"T60=0.15, SNR=10dB",PESQ,1.5047023296356201
DSB,white,10.0,0.15,"T60=0.15, SNR=10dB",ESTOI,0.7969130873680115
DSB,white,10.0,0.15,"T60=0.15, SNR=10dB",SI_SDR,12.972787857055664
DSB,inter,10.0,0.15,"T60=0.15, SNR=10dB",PESQ,2.670088052749634
DSB,inter,10.0,0.15,"T60=0.15, SNR=10dB",ESTOI,0.9011455774307251
DSB,inter,10.0,0.15,"T60=0.15, SNR=10dB",SI_SDR,11.919770240783691
MVDR,white,10.0,0.15,"T60=0.15, SNR=10dB",PESQ,1.574948787689209
MVDR,white,10.0,0.15,"T60=0.15, SNR=10dB",ESTOI,0.8248847126960754
MVDR,white,10.0,0.15,"T60=0.15, SNR=10dB",SI_SDR,15.494709968566895
MVDR,inter,10.0,0.15,"T60=0.15, SNR=10dB",PESQ,4.239805698394775
MVDR,inter,10.0,0.15,"T60=0.15, SNR=10dB",ESTOI,0.9693836569786072
MVDR,inter,10.0,0.15,"T60=0.15, SNR=10dB",SI_SDR,13.801108360290527
Denoiser,white,10.0,0.15,"T60=0.15, SNR=10dB",PESQ,2.0686938762664795
Denoiser,white,10.0,0.15,"T60=0.15, SNR=10dB",ESTOI,0.7640053629875183
Denoiser,white,10.0,0.15,"T60=0.15, SNR=10dB",SI_SDR,15.1249361038208
Denoiser,inter,10.0,0.15,"T60=0.15, SNR=10dB",PESQ,1.88273024559021
Denoiser,inter,10.0,0.15,"T60=0.15, SNR=10dB",ESTOI,0.8382217884063721
Denoiser,inter,10.0,0.15,"T60=0.15, SNR=10dB",SI_SDR,10.64496898651123
DSB,white,0.0,0.3,"T60=0.3, SNR=0dB",PESQ,1.1652026176452637
DSB,white,0.0,0.3,"T60=0.3, SNR=0dB",ESTOI,0.601138710975647
DSB,white,0.0,0.3,"T60=0.3, SNR=0dB",SI_SDR,5.796695709228516
DSB,inter,0.0,0.3,"T60=0.3, SNR=0dB",PESQ,1.5904513597488403
DSB,inter,0.0,0.3,"T60=0.3, SNR=0dB",ESTOI,0.8112664818763733
DSB,inter,0.0,0.3,"T60=0.3, SNR=0dB",SI_SDR,0.33693763613700867
MVDR,white,0.0,0.3,"T60=0.3, SNR=0dB",PESQ,1.230891466140747
MVDR,white,0.0,0.3,"T60=0.3, SNR=0dB",ESTOI,0.6868986487388611
MVDR,white,0.0,0.3,"T60=0.3, SNR=0dB",SI_SDR,6.983314514160156
MVDR,inter,0.0,0.3,"T60=0.3, SNR=0dB",PESQ,1.7795555591583252
MVDR,inter,0.0,0.3,"T60=0.3, SNR=0dB",ESTOI,0.8754436373710632
MVDR,inter,0.0,0.3,"T60=0.3, SNR=0dB",SI_SDR,6.447120666503906
Denoiser,white,0.0,0.3,"T60=0.3, SNR=0dB",PESQ,1.4646024703979492
Denoiser,white,0.0,0.3,"T60=0.3, SNR=0dB",ESTOI,0.47948721051216125
Denoiser,white,0.0,0.3,"T60=0.3, SNR=0dB",SI_SDR,7.191900730133057
Denoiser,inter,0.0,0.3,"T60=0.3, SNR=0dB",PESQ,1.3042018413543701
Denoiser,inter,0.0,0.3,"T60=0.3, SNR=0dB",ESTOI,0.756432294845581
Denoiser,inter,0.0,0.3,"T60=0.3, SNR=0dB",SI_SDR,0.7839616537094116
DSB,white,0.0,0.3,"T60=0.3, SNR=0dB",PESQ,1.2534347772598267
DSB,white,0.0,0.3,"T60=0.3, SNR=0dB",ESTOI,0.6211000680923462
DSB,white,0.0,0.3,"T60=0.3, SNR=0dB",SI_SDR,2.6087024211883545
DSB,inter,0.0,0.3,"T60=0.3, SNR=0dB",PESQ,1.216040849685669
DSB,inter,0.0,0.3,"T60=0.3, SNR=0dB",ESTOI,0.5694573521614075
DSB,inter,0.0,0.3,"T60=0.3, SNR=0dB",SI_SDR,-0.9957676529884338
MVDR,white,0.0,0.3,"T60=0.3, SNR=0dB",PESQ,1.331317663192749
MVDR,white,0.0,0.3,"T60=0.3, SNR=0dB",ESTOI,0.6806342601776123
MVDR,white,0.0,0.3,"T60=0.3, SNR=0dB",SI_SDR,5.281277179718018
MVDR,inter,0.0,0.3,"T60=0.3, SNR=0dB",PESQ,1.3685728311538696
MVDR,inter,0.0,0.3,"T60=0.3, SNR=0dB",ESTOI,0.7142897844314575
MVDR,inter,0.0,0.3,"T60=0.3, SNR=0dB",SI_SDR,1.7933285236358643
Denoiser,white,0.0,0.3,"T60=0.3, SNR=0dB",PESQ,1.5944359302520752
Denoiser,white,0.0,0.3,"T60=0.3, SNR=0dB",ESTOI,0.5698593854904175
Denoiser,white,0.0,0.3,"T60=0.3, SNR=0dB",SI_SDR,4.535301208496094
Denoiser,inter,0.0,0.3,"T60=0.3, SNR=0dB",PESQ,1.0709209442138672
Denoiser,inter,0.0,0.3,"T60=0.3, SNR=0dB",ESTOI,0.37263223528862
Denoiser,inter,0.0,0.3,"T60=0.3, SNR=0dB",SI_SDR,-5.253652572631836
DSB,white,0.0,0.3,"T60=0.3, SNR=0dB",PESQ,1.042423129081726
DSB,white,0.0,0.3,"T60=0.3, SNR=0dB",ESTOI,0.6149204969406128
DSB,white,0.0,0.3,"T60=0.3, SNR=0dB",SI_SDR,5.864248275756836
DSB,inter,0.0,0.3,"T60=0.3, SNR=0dB",PESQ,1.2422680854797363
DSB,inter,0.0,0.3,"T60=0.3, SNR=0dB",ESTOI,0.6610220074653625
DSB,inter,0.0,0.3,"T60=0.3, SNR=0dB",SI_SDR,0.6674423813819885
MVDR,white,0.0,0.3,"T60=0.3, SNR=0dB",PESQ,1.05201256275177
MVDR,white,0.0,0.3,"T60=0.3, SNR=0dB",ESTOI,0.6651878356933594
MVDR,white,0.0,0.3,"T60=0.3, SNR=0dB",SI_SDR,7.699504852294922
MVDR,inter,0.0,0.3,"T60=0.3, SNR=0dB",PESQ,1.6623280048370361
MVDR,inter,0.0,0.3,"T60=0.3, SNR=0dB",ESTOI,0.7724905610084534
MVDR,inter,0.0,0.3,"T60=0.3, SNR=0dB",SI_SDR,4.518091201782227
Denoiser,white,0.0,0.3,"T60=0.3, SNR=0dB",PESQ,1.2943114042282104
Denoiser,white,0.0,0.3,"T60=0.3, SNR=0dB",ESTOI,0.5862538814544678
Denoiser,white,0.0,0.3,"T60=0.3, SNR=0dB",SI_SDR,6.7828874588012695
Denoiser,inter,0.0,0.3,"T60=0.3, SNR=0dB",PESQ,1.2965781688690186
Denoiser,inter,0.0,0.3,"T60=0.3, SNR=0dB",ESTOI,0.6212759017944336
Denoiser,inter,0.0,0.3,"T60=0.3, SNR=0dB",SI_SDR,-0.6432181000709534
DSB,white,0.0,0.3,"T60=0.3, SNR=0dB",PESQ,1.0432971715927124
DSB,white,0.0,0.3,"T60=0.3, SNR=0dB",ESTOI,0.5121772885322571
DSB,white,0.0,0.3,"T60=0.3, SNR=0dB",SI_SDR,4.1369948387146
DSB,inter,0.0,0.3,"T60=0.3, SNR=0dB",PESQ,1.1150100231170654
DSB,inter,0.0,0.3,"T60=0.3, SNR=0dB",ESTOI,0.5024906992912292
DSB,inter,0.0,0.3,"T60=0.3, SNR=0dB",SI_SDR,0.06490723043680191
MVDR,white,0.0,0.3,"T60=0.3, SNR=0dB",PESQ,1.0632240772247314
MVDR,white,0.0,0.3,"T60=0.3, SNR=0dB",ESTOI,0.5785075426101685
MVDR,white,0.0,0.3,"T60=0.3, SNR=0dB",SI_SDR,6.684284210205078
MVDR,inter,0.0,0.3,"T60=0.3, SNR=0dB",PESQ,1.5045039653778076
MVDR,inter,0.0,0.3,"T60=0.3, SNR=0dB",ESTOI,0.7554436326026917
MVDR,inter,0.0,0.3,"T60=0.3, SNR=0dB",SI_SDR,2.935513973236084
Denoiser,white,0.0,0.3,"T60=0.3, SNR=0dB",PESQ,1.1580370664596558
Denoiser,white,0.0,0.3,"T60=0.3, SNR=0dB",ESTOI,0.47630542516708374
Denoiser,white,0.0,0.3,"T60=0.3, SNR=0dB",SI_SDR,5.002171993255615
Denoiser,inter,0.0,0.3,"T60=0.3, SNR=0dB",PESQ,1.0675326585769653
Denoiser,inter,0.0,0.3,"T60=0.3, SNR=0dB",ESTOI,0.37001338601112366
Denoiser,inter,0.0,0.3,"T60=0.3, SNR=0dB",SI_SDR,-2.567098617553711
DSB,white,0.0,0.3,"T60=0.3, SNR=0dB",PESQ,1.0776256322860718
DSB,white,0.0,0.3,"T60=0.3, SNR=0dB",ESTOI,0.6218199729919434
DSB,white,0.0,0.3,"T60=0.3, SNR=0dB",SI_SDR,2.826528549194336
DSB,inter,0.0,0.3,"T60=0.3, SNR=0dB",PESQ,1.2092901468276978
DSB,inter,0.0,0.3,"T60=0.3, SNR=0dB",ESTOI,0.5693011283874512
DSB,inter,0.0,0.3,"T60=0.3, SNR=0dB",SI_SDR,-0.6077481508255005
MVDR,white,0.0,0.3,"T60=0.3, SNR=0dB",PESQ,1.099417805671692
MVDR,white,0.0,0.3,"T60=0.3, SNR=0dB",ESTOI,0.6809231638908386
MVDR,white,0.0,0.3,"T60=0.3, SNR=0dB",SI_SDR,5.717445373535156
MVDR,inter,0.0,0.3,"T60=0.3, SNR=0dB",PESQ,1.7314201593399048
MVDR,inter,0.0,0.3,"T60=0.3, SNR=0dB",ESTOI,0.7705399394035339
MVDR,inter,0.0,0.3,"T60=0.3, SNR=0dB",SI_SDR,4.208902359008789
Denoiser,white,0.0,0.3,"T60=0.3, SNR=0dB",PESQ,1.461415410041809
Denoiser,white,0.0,0.3,"T60=0.3, SNR=0dB",ESTOI,0.6492564678192139
Denoiser,white,0.0,0.3,"T60=0.3, SNR=0dB",SI_SDR,7.707176685333252
Denoiser,inter,0.0,0.3,"T60=0.3, SNR=0dB",PESQ,1.1200008392333984
Denoiser,inter,0.0,0.3,"T60=0.3, SNR=0dB",ESTOI,0.4851013123989105
Denoiser,inter,0.0,0.3,"T60=0.3, SNR=0dB",SI_SDR,-1.1876903772354126
DSB,white,0.0,0.3,"T60=0.3, SNR=0dB",PESQ,1.0636829137802124
DSB,white,0.0,0.3,"T60=0.3, SNR=0dB",ESTOI,0.6552152037620544
DSB,white,0.0,0.3,"T60=0.3, SNR=0dB",SI_SDR,3.9646992683410645
DSB,inter,0.0,0.3,"T60=0.3, SNR=0dB",PESQ,1.2681872844696045
DSB,inter,0.0,0.3,"T60=0.3, SNR=0dB",ESTOI,0.6597194671630859
DSB,inter,0.0,0.3,"T60=0.3, SNR=0dB",SI_SDR,0.09312306344509125
MVDR,white,0.0,0.3,"T60=0.3, SNR=0dB",PESQ,1.0847382545471191
MVDR,white,0.0,0.3,"T60=0.3, SNR=0dB",ESTOI,0.7215327620506287
MVDR,white,0.0,0.3,"T60=0.3, SNR=0dB",SI_SDR,5.548955917358398
MVDR,inter,0.0,0.3,"T60=0.3, SNR=0dB",PESQ,1.782887578010559
MVDR,inter,0.0,0.3,"T60=0.3, SNR=0dB",ESTOI,0.8192046284675598
MVDR,inter,0.0,0.3,"T60=0.3, SNR=0dB",SI_SDR,3.902839183807373
Denoiser,white,0.0,0.3,"T60=0.3, SNR=0dB",PESQ,1.4459984302520752
Denoiser,white,0.0,0.3,"T60=0.3, SNR=0dB",ESTOI,0.5625336170196533
Denoiser,white,0.0,0.3,"T60=0.3, SNR=0dB",SI_SDR,6.89324426651001
Denoiser,inter,0.0,0.3,"T60=0.3, SNR=0dB",PESQ,1.105051040649414
Denoiser,inter,0.0,0.3,"T60=0.3, SNR=0dB",ESTOI,0.4070017635822296
Denoiser,inter,0.0,0.3,"T60=0.3, SNR=0dB",SI_SDR,-4.061032772064209
DSB,white,0.0,0.3,"T60=0.3, SNR=0dB",PESQ,1.0656707286834717
DSB,white,0.0,0.3,"T60=0.3, SNR=0dB",ESTOI,0.6059731841087341
DSB,white,0.0,0.3,"T60=0.3, SNR=0dB",SI_SDR,4.0107102394104
DSB,inter,0.0,0.3,"T60=0.3, SNR=0dB",PESQ,1.12091064453125
DSB,inter,0.0,0.3,"T60=0.3, SNR=0dB",ESTOI,0.6239951848983765
DSB,inter,0.0,0.3,"T60=0.3, SNR=0dB",SI_SDR,-0.46960967779159546
MVDR,white,0.0,0.3,"T60=0.3, SNR=0dB",PESQ,1.0962973833084106
MVDR,white,0.0,0.3,"T60=0.3, SNR=0dB",ESTOI,0.638149619102478
MVDR,white,0.0,0.3,"T60=0.3, SNR=0dB",SI_SDR,6.7426300048828125
MVDR,inter,0.0,0.3,"T60=0.3, SNR=0dB",PESQ,1.6380280256271362
MVDR,inter,0.0,0.3,"T60=0.3, SNR=0dB",ESTOI,0.8497438430786133
MVDR,inter,0.0,0.3,"T60=0.3, SNR=0dB",SI_SDR,2.213402509689331
Denoiser,white,0.0,0.3,"T60=0.3, SNR=0dB",PESQ,1.1766061782836914
Denoiser,white,0.0,0.3,"T60=0.3, SNR=0dB",ESTOI,0.5516098141670227
Denoiser,white,0.0,0.3,"T60=0.3, SNR=0dB",SI_SDR,5.468271255493164
Denoiser,inter,0.0,0.3,"T60=0.3, SNR=0dB",PESQ,1.0455529689788818
Denoiser,inter,0.0,0.3,"T60=0.3, SNR=0dB",ESTOI,0.43375876545906067
Denoiser,inter,0.0,0.3,"T60=0.3, SNR=0dB",SI_SDR,-3.2275142669677734
DSB,white,0.0,0.3,"T60=0.3, SNR=0dB",PESQ,1.0361862182617188
DSB,white,0.0,0.3,"T60=0.3, SNR=0dB",ESTOI,0.49320971965789795
DSB,white,0.0,0.3,"T60=0.3, SNR=0dB",SI_SDR,6.41887903213501
DSB,inter,0.0,0.3,"T60=0.3, SNR=0dB",PESQ,1.174735426902771
DSB,inter,0.0,0.3,"T60=0.3, SNR=0dB",ESTOI,0.5438077449798584
DSB,inter,0.0,0.3,"T60=0.3, SNR=0dB",SI_SDR,1.5688626766204834
MVDR,white,0.0,0.3,"T60=0.3, SNR=0dB",PESQ,1.0512105226516724
MVDR,white,0.0,0.3,"T60=0.3, SNR=0dB",ESTOI,0.5489877462387085
MVDR,white,0.0,0.3,"T60=0.3, SNR=0dB",SI_SDR,7.978793144226074
MVDR,inter,0.0,0.3,"T60=0.3, SNR=0dB",PESQ,1.2485368251800537
MVDR,inter,0.0,0.3,"T60=0.3, SNR=0dB",ESTOI,0.7103577256202698
MVDR,inter,0.0,0.3,"T60=0.3, SNR=0dB",SI_SDR,3.06197190284729
Denoiser,white,0.0,0.3,"T60=0.3, SNR=0dB",PESQ,1.350245475769043
Denoiser,white,0.0,0.3,"T60=0.3, SNR=0dB",ESTOI,0.479696661233902
Denoiser,white,0.0,0.3,"T60=0.3, SNR=0dB",SI_SDR,4.057969570159912
Denoiser,inter,0.0,0.3,"T60=0.3, SNR=0dB",PESQ,1.0698602199554443
Denoiser,inter,0.0,0.3,"T60=0.3, SNR=0dB",ESTOI,0.30808115005493164
Denoiser,inter,0.0,0.3,"T60=0.3, SNR=0dB",SI_SDR,-4.451309680938721
DSB,white,0.0,0.3,"T60=0.3, SNR=0dB",PESQ,1.06230628490448
DSB,white,0.0,0.3,"T60=0.3, SNR=0dB",ESTOI,0.5518494248390198
DSB,white,0.0,0.3,"T60=0.3, SNR=0dB",SI_SDR,4.462657928466797
DSB,inter,0.0,0.3,"T60=0.3, SNR=0dB",PESQ,1.315300703048706
DSB,inter,0.0,0.3,"T60=0.3, SNR=0dB",ESTOI,0.6054489016532898
DSB,inter,0.0,0.3,"T60=0.3, SNR=0dB",SI_SDR,1.0483043193817139
MVDR,white,0.0,0.3,"T60=0.3, SNR=0dB",PESQ,1.0930508375167847
MVDR,white,0.0,0.3,"T60=0.3, SNR=0dB",ESTOI,0.6008641719818115
MVDR,white,0.0,0.3,"T60=0.3, SNR=0dB",SI_SDR,7.079734802246094
MVDR,inter,0.0,0.3,"T60=0.3, SNR=0dB",PESQ,2.059814453125
MVDR,inter,0.0,0.3,"T60=0.3, SNR=0dB",ESTOI,0.8117296695709229
MVDR,inter,0.0,0.3,"T60=0.3, SNR=0dB",SI_SDR,4.667457580566406
Denoiser,white,0.0,0.3,"T60=0.3, SNR=0dB",PESQ,1.3700224161148071
Denoiser,white,0.0,0.3,"T60=0.3, SNR=0dB",ESTOI,0.4333319664001465
Denoiser,white,0.0,0.3,"T60=0.3, SNR=0dB",SI_SDR,6.190310001373291
Denoiser,inter,0.0,0.3,"T60=0.3, SNR=0dB",PESQ,1.1853642463684082
Denoiser,inter,0.0,0.3,"T60=0.3, SNR=0dB",ESTOI,0.4391791820526123
Denoiser,inter,0.0,0.3,"T60=0.3, SNR=0dB",SI_SDR,-1.6798193454742432
DSB,white,0.0,0.3,"T60=0.3, SNR=0dB",PESQ,1.1077532768249512
DSB,white,0.0,0.3,"T60=0.3, SNR=0dB",ESTOI,0.6258045434951782
DSB,white,0.0,0.3,"T60=0.3, SNR=0dB",SI_SDR,4.073047161102295
DSB,inter,0.0,0.3,"T60=0.3, SNR=0dB",PESQ,1.1685696840286255
DSB,inter,0.0,0.3,"T60=0.3, SNR=0dB",ESTOI,0.656155526638031
DSB,inter,0.0,0.3,"T60=0.3, SNR=0dB",SI_SDR,0.4345780611038208
MVDR,white,0.0,0.3,"T60=0.3, SNR=0dB",PESQ,1.1537784337997437
MVDR,white,0.0,0.3,"T60=0.3, SNR=0dB",ESTOI,0.7058306932449341
MVDR,white,0.0,0.3,"T60=0.3, SNR=0dB",SI_SDR,6.8003339767456055
MVDR,inter,0.0,0.3,"T60=0.3, SNR=0dB",PESQ,1.3368486166000366
MVDR,inter,0.0,0.3,"T60=0.3, SNR=0dB",ESTOI,0.7231284379959106
MVDR,inter,0.0,0.3,"T60=0.3, SNR=0dB",SI_SDR,4.443498611450195
Denoiser,white,0.0,0.3,"T60=0.3, SNR=0dB",PESQ,1.5809037685394287
Denoiser,white,0.0,0.3,"T60=0.3, SNR=0dB",ESTOI,0.6238449215888977
Denoiser,white,0.0,0.3,"T60=0.3, SNR=0dB",SI_SDR,6.927399635314941
Denoiser,inter,0.0,0.3,"T60=0.3, SNR=0dB",PESQ,1.1034269332885742
Denoiser,inter,0.0,0.3,"T60=0.3, SNR=0dB",ESTOI,0.3944830596446991
Denoiser,inter,0.0,0.3,"T60=0.3, SNR=0dB",SI_SDR,-1.3412466049194336
DSB,white,0.0,0.3,"T60=0.3, SNR=0dB",PESQ,1.07695734500885
DSB,white,0.0,0.3,"T60=0.3, SNR=0dB",ESTOI,0.5973511934280396
DSB,white,0.0,0.3,"T60=0.3, SNR=0dB",SI_SDR,4.67092227935791
DSB,inter,0.0,0.3,"T60=0.3, SNR=0dB",PESQ,1.1770905256271362
DSB,inter,0.0,0.3,"T60=0.3, SNR=0dB",ESTOI,0.5435062646865845
DSB,inter,0.0,0.3,"T60=0.3, SNR=0dB",SI_SDR,1.4034419059753418
MVDR,white,0.0,0.3,"T60=0.3, SNR=0dB",PESQ,1.0948480367660522
MVDR,white,0.0,0.3,"T60=0.3, SNR=0dB",ESTOI,0.6529561877250671
MVDR,white,0.0,0.3,"T60=0.3, SNR=0dB",SI_SDR,6.2101240158081055
MVDR,inter,0.0,0.3,"T60=0.3, SNR=0dB",PESQ,1.4071389436721802
MVDR,inter,0.0,0.3,"T60=0.3, SNR=0dB",ESTOI,0.682578444480896
MVDR,inter,0.0,0.3,"T60=0.3, SNR=0dB",SI_SDR,2.18502140045166
Denoiser,white,0.0,0.3,"T60=0.3, SNR=0dB",PESQ,1.2475976943969727
Denoiser,white,0.0,0.3,"T60=0.3, SNR=0dB",ESTOI,0.48907217383384705
Denoiser,white,0.0,0.3,"T60=0.3, SNR=0dB",SI_SDR,4.842341899871826
Denoiser,inter,0.0,0.3,"T60=0.3, SNR=0dB",PESQ,1.1226918697357178
Denoiser,inter,0.0,0.3,"T60=0.3, SNR=0dB",ESTOI,0.4319550096988678
Denoiser,inter,0.0,0.3,"T60=0.3, SNR=0dB",SI_SDR,-1.5170838832855225
DSB,white,0.0,0.3,"T60=0.3, SNR=0dB",PESQ,1.0563139915466309
DSB,white,0.0,0.3,"T60=0.3, SNR=0dB",ESTOI,0.5730324387550354
DSB,white,0.0,0.3,"T60=0.3, SNR=0dB",SI_SDR,4.59269905090332
DSB,inter,0.0,0.3,"T60=0.3, SNR=0dB",PESQ,1.1267180442810059
DSB,inter,0.0,0.3,"T60=0.3, SNR=0dB",ESTOI,0.5273454189300537
DSB,inter,0.0,0.3,"T60=0.3, SNR=0dB",SI_SDR,-0.42706793546676636
MVDR,white,0.0,0.3,"T60=0.3, SNR=0dB",PESQ,1.0736509561538696
MVDR,white,0.0,0.3,"T60=0.3, SNR=0dB",ESTOI,0.6264551877975464
MVDR,white,0.0,0.3,"T60=0.3, SNR=0dB",SI_SDR,6.597438812255859
MVDR,inter,0.0,0.3,"T60=0.3, SNR=0dB",PESQ,1.5278654098510742
MVDR,inter,0.0,0.3,"T60=0.3, SNR=0dB",ESTOI,0.6810294985771179
MVDR,inter,0.0,0.3,"T60=0.3, SNR=0dB",SI_SDR,1.4765269756317139
Denoiser,white,0.0,0.3,"T60=0.3, SNR=0dB",PESQ,1.1240211725234985
Denoiser,white,0.0,0.3,"T60=0.3, SNR=0dB",ESTOI,0.46869999170303345
Denoiser,white,0.0,0.3,"T60=0.3, SNR=0dB",SI_SDR,3.6317920684814453
Denoiser,inter,0.0,0.3,"T60=0.3, SNR=0dB",PESQ,1.0844560861587524
Denoiser,inter,0.0,0.3,"T60=0.3, SNR=0dB",ESTOI,0.37652522325515747
Denoiser,inter,0.0,0.3,"T60=0.3, SNR=0dB",SI_SDR,-3.565436363220215
DSB,white,0.0,0.3,"T60=0.3, SNR=0dB",PESQ,1.0409437417984009
DSB,white,0.0,0.3,"T60=0.3, SNR=0dB",ESTOI,0.5802522301673889
DSB,white,0.0,0.3,"T60=0.3, SNR=0dB",SI_SDR,3.958137273788452
DSB,inter,0.0,0.3,"T60=0.3, SNR=0dB",PESQ,1.1708308458328247
DSB,inter,0.0,0.3,"T60=0.3, SNR=0dB",ESTOI,0.5042511224746704
DSB,inter,0.0,0.3,"T60=0.3, SNR=0dB",SI_SDR,1.0874934196472168
MVDR,white,0.0,0.3,"T60=0.3, SNR=0dB",PESQ,1.058771014213562
MVDR,white,0.0,0.3,"T60=0.3, SNR=0dB",ESTOI,0.6212823987007141
MVDR,white,0.0,0.3,"T60=0.3, SNR=0dB",SI_SDR,6.491069793701172
MVDR,inter,0.0,0.3,"T60=0.3, SNR=0dB",PESQ,1.6463325023651123
MVDR,inter,0.0,0.3,"T60=0.3, SNR=0dB",ESTOI,0.7404910326004028
MVDR,inter,0.0,0.3,"T60=0.3, SNR=0dB",SI_SDR,4.404572010040283
Denoiser,white,0.0,0.3,"T60=0.3, SNR=0dB",PESQ,1.26442551612854
Denoiser,white,0.0,0.3,"T60=0.3, SNR=0dB",ESTOI,0.46820399165153503
Denoiser,white,0.0,0.3,"T60=0.3, SNR=0dB",SI_SDR,6.203213214874268
Denoiser,inter,0.0,0.3,"T60=0.3, SNR=0dB",PESQ,1.071920394897461
Denoiser,inter,0.0,0.3,"T60=0.3, SNR=0dB",ESTOI,0.37964436411857605
Denoiser,inter,0.0,0.3,"T60=0.3, SNR=0dB",SI_SDR,-0.9184433221817017
DSB,white,0.0,0.3,"T60=0.3, SNR=0dB",PESQ,1.0671348571777344
DSB,white,0.0,0.3,"T60=0.3, SNR=0dB",ESTOI,0.5351333618164062
DSB,white,0.0,0.3,"T60=0.3, SNR=0dB",SI_SDR,5.0507025718688965
DSB,inter,0.0,0.3,"T60=0.3, SNR=0dB",PESQ,1.0839201211929321
DSB,inter,0.0,0.3,"T60=0.3, SNR=0dB",ESTOI,0.6046720147132874
DSB,inter,0.0,0.3,"T60=0.3, SNR=0dB",SI_SDR,0.6434562802314758
MVDR,white,0.0,0.3,"T60=0.3, SNR=0dB",PESQ,1.0813602209091187
MVDR,white,0.0,0.3,"T60=0.3, SNR=0dB",ESTOI,0.6141574382781982
MVDR,white,0.0,0.3,"T60=0.3, SNR=0dB",SI_SDR,7.123858451843262
MVDR,inter,0.0,0.3,"T60=0.3, SNR=0dB",PESQ,1.2521487474441528
MVDR,inter,0.0,0.3,"T60=0.3, SNR=0dB",ESTOI,0.7392802238464355
MVDR,inter,0.0,0.3,"T60=0.3, SNR=0dB",SI_SDR,2.8339476585388184
Denoiser,white,0.0,0.3,"T60=0.3, SNR=0dB",PESQ,1.1727330684661865
Denoiser,white,0.0,0.3,"T60=0.3, SNR=0dB",ESTOI,0.4669460356235504
Denoiser,white,0.0,0.3,"T60=0.3, SNR=0dB",SI_SDR,3.191624879837036
Denoiser,inter,0.0,0.3,"T60=0.3, SNR=0dB",PESQ,1.061031699180603
Denoiser,inter,0.0,0.3,"T60=0.3, SNR=0dB",ESTOI,0.4714381694793701
Denoiser,inter,0.0,0.3,"T60=0.3, SNR=0dB",SI_SDR,-3.4229888916015625
DSB,white,0.0,0.3,"T60=0.3, SNR=0dB",PESQ,1.0527397394180298
DSB,white,0.0,0.3,"T60=0.3, SNR=0dB",ESTOI,0.5356276631355286
DSB,white,0.0,0.3,"T60=0.3, SNR=0dB",SI_SDR,5.173784255981445
DSB,inter,0.0,0.3,"T60=0.3, SNR=0dB",PESQ,1.3358631134033203
DSB,inter,0.0,0.3,"T60=0.3, SNR=0dB",ESTOI,0.5226358771324158
DSB,inter,0.0,0.3,"T60=0.3, SNR=0dB",SI_SDR,0.37300199270248413
MVDR,white,0.0,0.3,"T60=0.3, SNR=0dB",PESQ,1.0708554983139038
MVDR,white,0.0,0.3,"T60=0.3, SNR=0dB",ESTOI,0.5980172157287598
MVDR,white,0.0,0.3,"T60=0.3, SNR=0dB",SI_SDR,7.219943523406982
MVDR,inter,0.0,0.3,"T60=0.3, SNR=0dB",PESQ,1.8731708526611328
MVDR,inter,0.0,0.3,"T60=0.3, SNR=0dB",ESTOI,0.733762264251709
MVDR,inter,0.0,0.3,"T60=0.3, SNR=0dB",SI_SDR,4.280282020568848
Denoiser,white,0.0,0.3,"T60=0.3, SNR=0dB",PESQ,1.4426586627960205
Denoiser,white,0.0,0.3,"T60=0.3, SNR=0dB",ESTOI,0.5760441422462463
Denoiser,white,0.0,0.3,"T60=0.3, SNR=0dB",SI_SDR,8.666528701782227
Denoiser,inter,0.0,0.3,"T60=0.3, SNR=0dB",PESQ,1.1577588319778442
Denoiser,inter,0.0,0.3,"T60=0.3, SNR=0dB",ESTOI,0.41064903140068054
Denoiser,inter,0.0,0.3,"T60=0.3, SNR=0dB",SI_SDR,-2.1554317474365234
DSB,white,0.0,0.3,"T60=0.3, SNR=0dB",PESQ,1.074277639389038
DSB,white,0.0,0.3,"T60=0.3, SNR=0dB",ESTOI,0.575632631778717
DSB,white,0.0,0.3,"T60=0.3, SNR=0dB",SI_SDR,3.190089225769043
DSB,inter,0.0,0.3,"T60=0.3, SNR=0dB",PESQ,1.2304219007492065
DSB,inter,0.0,0.3,"T60=0.3, SNR=0dB",ESTOI,0.5248940587043762
DSB,inter,0.0,0.3,"T60=0.3, SNR=0dB",SI_SDR,-0.009256844408810139
MVDR,white,0.0,0.3,"T60=0.3, SNR=0dB",PESQ,1.094847321510315
MVDR,white,0.0,0.3,"T60=0.3, SNR=0dB",ESTOI,0.641991913318634
MVDR,white,0.0,0.3,"T60=0.3, SNR=0dB",SI_SDR,5.639463424682617
MVDR,inter,0.0,0.3,"T60=0.3, SNR=0dB",PESQ,1.5494980812072754
MVDR,inter,0.0,0.3,"T60=0.3, SNR=0dB",ESTOI,0.6752643585205078
MVDR,inter,0.0,0.3,"T60=0.3, SNR=0dB",SI_SDR,2.692657470703125
Denoiser,white,0.0,0.3,"T60=0.3, SNR=0dB",PESQ,1.287147045135498
Denoiser,white,0.0,0.3,"T60=0.3, SNR=0dB",ESTOI,0.5337851047515869
Denoiser,white,0.0,0.3,"T60=0.3, SNR=0dB",SI_SDR,3.9168825149536133
Denoiser,inter,0.0,0.3,"T60=0.3, SNR=0dB",PESQ,1.120385766029358
Denoiser,inter,0.0,0.3,"T60=0.3, SNR=0dB",ESTOI,0.36698007583618164
Denoiser,inter,0.0,0.3,"T60=0.3, SNR=0dB",SI_SDR,-2.104094982147217
DSB,white,0.0,0.3,"T60=0.3, SNR=0dB",PESQ,1.1927980184555054
DSB,white,0.0,0.3,"T60=0.3, SNR=0dB",ESTOI,0.5357307195663452
DSB,white,0.0,0.3,"T60=0.3, SNR=0dB",SI_SDR,2.436800718307495
DSB,inter,0.0,0.3,"T60=0.3, SNR=0dB",PESQ,1.3152005672454834
DSB,inter,0.0,0.3,"T60=0.3, SNR=0dB",ESTOI,0.4568207263946533
DSB,inter,0.0,0.3,"T60=0.3, SNR=0dB",SI_SDR,-0.18747641146183014
MVDR,white,0.0,0.3,"T60=0.3, SNR=0dB",PESQ,1.2452143430709839
MVDR,white,0.0,0.3,"T60=0.3, SNR=0dB",ESTOI,0.5955515503883362
MVDR,white,0.0,0.3,"T60=0.3, SNR=0dB",SI_SDR,5.18935489654541
MVDR,inter,0.0,0.3,"T60=0.3, SNR=0dB",PESQ,1.8340860605239868
MVDR,inter,0.0,0.3,"T60=0.3, SNR=0dB",ESTOI,0.6038653254508972
MVDR,inter,0.0,0.3,"T60=0.3, SNR=0dB",SI_SDR,1.6017926931381226
Denoiser,white,0.0,0.3,"T60=0.3, SNR=0dB",PESQ,1.3425824642181396
Denoiser,white,0.0,0.3,"T60=0.3, SNR=0dB",ESTOI,0.4743357002735138
Denoiser,white,0.0,0.3,"T60=0.3, SNR=0dB",SI_SDR,4.610301494598389
Denoiser,inter,0.0,0.3,"T60=0.3, SNR=0dB",PESQ,1.1245548725128174
Denoiser,inter,0.0,0.3,"T60=0.3, SNR=0dB",ESTOI,0.34748709201812744
Denoiser,inter,0.0,0.3,"T60=0.3, SNR=0dB",SI_SDR,-5.581979751586914
DSB,white,0.0,0.3,"T60=0.3, SNR=0dB",PESQ,1.107582926750183
DSB,white,0.0,0.3,"T60=0.3, SNR=0dB",ESTOI,0.734379231929779
DSB,white,0.0,0.3,"T60=0.3, SNR=0dB",SI_SDR,2.304656982421875
DSB,inter,0.0,0.3,"T60=0.3, SNR=0dB",PESQ,1.4080631732940674
DSB,inter,0.0,0.3,"T60=0.3, SNR=0dB",ESTOI,0.6846101880073547
DSB,inter,0.0,0.3,"T60=0.3, SNR=0dB",SI_SDR,-0.7996988892555237
MVDR,white,0.0,0.3,"T60=0.3, SNR=0dB",PESQ,1.162767767906189
MVDR,white,0.0,0.3,"T60=0.3, SNR=0dB",ESTOI,0.8166811466217041
MVDR,white,0.0,0.3,"T60=0.3, SNR=0dB",SI_SDR,5.912787914276123
MVDR,inter,0.0,0.3,"T60=0.3, SNR=0dB",PESQ,1.5135672092437744
MVDR,inter,0.0,0.3,"T60=0.3, SNR=0dB",ESTOI,0.6860628128051758
MVDR,inter,0.0,0.3,"T60=0.3, SNR=0dB",SI_SDR,4.154977321624756
Denoiser,white,0.0,0.3,"T60=0.3, SNR=0dB",PESQ,1.2772860527038574
Denoiser,white,0.0,0.3,"T60=0.3, SNR=0dB",ESTOI,0.6297636032104492
Denoiser,white,0.0,0.3,"T60=0.3, SNR=0dB",SI_SDR,3.9615094661712646
Denoiser,inter,0.0,0.3,"T60=0.3, SNR=0dB",PESQ,1.2464797496795654
Denoiser,inter,0.0,0.3,"T60=0.3, SNR=0dB",ESTOI,0.6190592050552368
Denoiser,inter,0.0,0.3,"T60=0.3, SNR=0dB",SI_SDR,-1.0072013139724731
DSB,white,0.0,0.3,"T60=0.3, SNR=0dB",PESQ,1.0839544534683228
DSB,white,0.0,0.3,"T60=0.3, SNR=0dB",ESTOI,0.4547105133533478
DSB,white,0.0,0.3,"T60=0.3, SNR=0dB",SI_SDR,5.453567028045654
DSB,inter,0.0,0.3,"T60=0.3, SNR=0dB",PESQ,1.4076979160308838
DSB,inter,0.0,0.3,"T60=0.3, SNR=0dB",ESTOI,0.5011664628982544
DSB,inter,0.0,0.3,"T60=0.3, SNR=0dB",SI_SDR,0.6989008784294128
MVDR,white,0.0,0.3,"T60=0.3, SNR=0dB",PESQ,1.1274646520614624
MVDR,white,0.0,0.3,"T60=0.3, SNR=0dB",ESTOI,0.4962191581726074
MVDR,white,0.0,0.3,"T60=0.3, SNR=0dB",SI_SDR,7.392784118652344
MVDR,inter,0.0,0.3,"T60=0.3, SNR=0dB",PESQ,2.025463581085205
MVDR,inter,0.0,0.3,"T60=0.3, SNR=0dB",ESTOI,0.7326657772064209
MVDR,inter,0.0,0.3,"T60=0.3, SNR=0dB",SI_SDR,5.203656196594238
Denoiser,white,0.0,0.3,"T60=0.3, SNR=0dB",PESQ,1.4598106145858765
Denoiser,white,0.0,0.3,"T60=0.3, SNR=0dB",ESTOI,0.45972245931625366
Denoiser,white,0.0,0.3,"T60=0.3, SNR=0dB",SI_SDR,6.073413848876953
Denoiser,inter,0.0,0.3,"T60=0.3, SNR=0dB",PESQ,1.1556297540664673
Denoiser,inter,0.0,0.3,"T60=0.3, SNR=0dB",ESTOI,0.33104220032691956
Denoiser,inter,0.0,0.3,"T60=0.3, SNR=0dB",SI_SDR,-3.041818141937256
DSB,white,0.0,0.3,"T60=0.3, SNR=0dB",PESQ,1.1365816593170166
DSB,white,0.0,0.3,"T60=0.3, SNR=0dB",ESTOI,0.520153284072876
DSB,white,0.0,0.3,"T60=0.3, SNR=0dB",SI_SDR,4.952558517456055
DSB,inter,0.0,0.3,"T60=0.3, SNR=0dB",PESQ,1.5939435958862305
DSB,inter,0.0,0.3,"T60=0.3, SNR=0dB",ESTOI,0.6414670348167419
DSB,inter,0.0,0.3,"T60=0.3, SNR=0dB",SI_SDR,1.246874213218689
MVDR,white,0.0,0.3,"T60=0.3, SNR=0dB",PESQ,1.190887212753296
MVDR,white,0.0,0.3,"T60=0.3, SNR=0dB",ESTOI,0.5593594908714294
MVDR,white,0.0,0.3,"T60=0.3, SNR=0dB",SI_SDR,7.270786762237549
MVDR,inter,0.0,0.3,"T60=0.3, SNR=0dB",PESQ,2.24129319190979
MVDR,inter,0.0,0.3,"T60=0.3, SNR=0dB",ESTOI,0.7890002131462097
MVDR,inter,0.0,0.3,"T60=0.3, SNR=0dB",SI_SDR,5.409104347229004
Denoiser,white,0.0,0.3,"T60=0.3, SNR=0dB",PESQ,1.4130779504776
Denoiser,white,0.0,0.3,"T60=0.3, SNR=0dB",ESTOI,0.40532612800598145
Denoiser,white,0.0,0.3,"T60=0.3, SNR=0dB",SI_SDR,8.045663833618164
Denoiser,inter,0.0,0.3,"T60=0.3, SNR=0dB",PESQ,1.2370574474334717
Denoiser,inter,0.0,0.3,"T60=0.3, SNR=0dB",ESTOI,0.5196719169616699
Denoiser,inter,0.0,0.3,"T60=0.3, SNR=0dB",SI_SDR,0.1967618763446808
DSB,white,10.0,0.3,"T60=0.3, SNR=10dB",PESQ,1.5223126411437988
DSB,white,10.0,0.3,"T60=0.3, SNR=10dB",ESTOI,0.8263385891914368
DSB,white,10.0,0.3,"T60=0.3, SNR=10dB",SI_SDR,12.463790893554688
DSB,inter,10.0,0.3,"T60=0.3, SNR=10dB",PESQ,2.4712448120117188
DSB,inter,10.0,0.3,"T60=0.3, SNR=10dB",ESTOI,0.9097840189933777
DSB,inter,10.0,0.3,"T60=0.3, SNR=10dB",SI_SDR,9.11550521850586
MVDR,white,10.0,0.3,"T60=0.3, SNR=10dB",PESQ,1.596510648727417
MVDR,white,10.0,0.3,"T60=0.3, SNR=10dB",ESTOI,0.8803648948669434
MVDR,white,10.0,0.3,"T60=0.3, SNR=10dB",SI_SDR,15.41398811340332
MVDR,inter,10.0,0.3,"T60=0.3, SNR=10dB",PESQ,2.422762155532837
MVDR,inter,10.0,0.3,"T60=0.3, SNR=10dB",ESTOI,0.8981178402900696
MVDR,inter,10.0,0.3,"T60=0.3, SNR=10dB",SI_SDR,6.783039569854736
Denoiser,white,10.0,0.3,"T60=0.3, SNR=10dB",PESQ,1.7772650718688965
Denoiser,white,10.0,0.3,"T60=0.3, SNR=10dB",ESTOI,0.6755514740943909
Denoiser,white,10.0,0.3,"T60=0.3, SNR=10dB",SI_SDR,7.288630485534668
Denoiser,inter,10.0,0.3,"T60=0.3, SNR=10dB",PESQ,1.4962912797927856
Denoiser,inter,10.0,0.3,"T60=0.3, SNR=10dB",ESTOI,0.795784056186676
Denoiser,inter,10.0,0.3,"T60=0.3, SNR=10dB",SI_SDR,6.592738151550293
DSB,white,10.0,0.3,"T60=0.3, SNR=10dB",PESQ,1.7048698663711548
DSB,white,10.0,0.3,"T60=0.3, SNR=10dB",ESTOI,0.8540823459625244
DSB,white,10.0,0.3,"T60=0.3, SNR=10dB",SI_SDR,6.048676490783691
DSB,inter,10.0,0.3,"T60=0.3, SNR=10dB",PESQ,1.867545247077942
DSB,inter,10.0,0.3,"T60=0.3, SNR=10dB",ESTOI,0.7798422574996948
DSB,inter,10.0,0.3,"T60=0.3, SNR=10dB",SI_SDR,5.001927375793457
MVDR,white,10.0,0.3,"T60=0.3, SNR=10dB",PESQ,1.849613904953003
MVDR,white,10.0,0.3,"T60=0.3, SNR=10dB",ESTOI,0.9053915143013
MVDR,white,10.0,0.3,"T60=0.3, SNR=10dB",SI_SDR,10.828950881958008
MVDR,inter,10.0,0.3,"T60=0.3, SNR=10dB",PESQ,2.0867440700531006
MVDR,inter,10.0,0.3,"T60=0.3, SNR=10dB",ESTOI,0.8434054255485535
MVDR,inter,10.0,0.3,"T60=0.3, SNR=10dB",SI_SDR,4.4132843017578125
Denoiser,white,10.0,0.3,"T60=0.3, SNR=10dB",PESQ,1.7394864559173584
Denoiser,white,10.0,0.3,"T60=0.3, SNR=10dB",ESTOI,0.6995992660522461
Denoiser,white,10.0,0.3,"T60=0.3, SNR=10dB",SI_SDR,5.680108547210693
Denoiser,inter,10.0,0.3,"T60=0.3, SNR=10dB",PESQ,1.4478344917297363
Denoiser,inter,10.0,0.3,"T60=0.3, SNR=10dB",ESTOI,0.6706491708755493
Denoiser,inter,10.0,0.3,"T60=0.3, SNR=10dB",SI_SDR,4.95773983001709
DSB,white,10.0,0.3,"T60=0.3, SNR=10dB",PESQ,1.143723726272583
DSB,white,10.0,0.3,"T60=0.3, SNR=10dB",ESTOI,0.8173413276672363
DSB,white,10.0,0.3,"T60=0.3, SNR=10dB",SI_SDR,12.233243942260742
DSB,inter,10.0,0.3,"T60=0.3, SNR=10dB",PESQ,1.8414442539215088
DSB,inter,10.0,0.3,"T60=0.3, SNR=10dB",ESTOI,0.8304163813591003
DSB,inter,10.0,0.3,"T60=0.3, SNR=10dB",SI_SDR,9.207883834838867
MVDR,white,10.0,0.3,"T60=0.3, SNR=10dB",PESQ,1.2309170961380005
MVDR,white,10.0,0.3,"T60=0.3, SNR=10dB",ESTOI,0.8657614588737488
MVDR,white,10.0,0.3,"T60=0.3, SNR=10dB",SI_SDR,15.27900218963623
MVDR,inter,10.0,0.3,"T60=0.3, SNR=10dB",PESQ,2.0968916416168213
MVDR,inter,10.0,0.3,"T60=0.3, SNR=10dB",ESTOI,0.8594503998756409
MVDR,inter,10.0,0.3,"T60=0.3, SNR=10dB",SI_SDR,5.589942455291748
Denoiser,white,10.0,0.3,"T60=0.3, SNR=10dB",PESQ,1.5674614906311035
Denoiser,white,10.0,0.3,"T60=0.3, SNR=10dB",ESTOI,0.7518964409828186
Denoiser,white,10.0,0.3,"T60=0.3, SNR=10dB",SI_SDR,6.374602317810059
Denoiser,inter,10.0,0.3,"T60=0.3, SNR=10dB",PESQ,1.5815987586975098
Denoiser,inter,10.0,0.3,"T60=0.3, SNR=10dB",ESTOI,0.776272714138031
Denoiser,inter,10.0,0.3,"T60=0.3, SNR=10dB",SI_SDR,5.058392524719238
DSB,white,10.0,0.3,"T60=0.3, SNR=10dB",PESQ,1.2522563934326172
DSB,white,10.0,0.3,"T60=0.3, SNR=10dB",ESTOI,0.7426415681838989
DSB,white,10.0,0.3,"T60=0.3, SNR=10dB",SI_SDR,8.360739707946777
DSB,inter,10.0,0.3,"T60=0.3, SNR=10dB",PESQ,1.5937306880950928
DSB,inter,10.0,0.3,"T60=0.3, SNR=10dB",ESTOI,0.7314289808273315
DSB,inter,10.0,0.3,"T60=0.3, SNR=10dB",SI_SDR,6.859812259674072
MVDR,white,10.0,0.3,"T60=0.3, SNR=10dB",PESQ,1.3783048391342163
MVDR,white,10.0,0.3,"T60=0.3, SNR=10dB",ESTOI,0.8093966245651245
MVDR,white,10.0,0.3,"T60=0.3, SNR=10dB",SI_SDR,12.05175495147705
MVDR,inter,10.0,0.3,"T60=0.3, SNR=10dB",PESQ,1.88065505027771
MVDR,inter,10.0,0.3,"T60=0.3, SNR=10dB",ESTOI,0.8206653594970703
MVDR,inter,10.0,0.3,"T60=0.3, SNR=10dB",SI_SDR,4.159664630889893
Denoiser,white,10.0,0.3,"T60=0.3, SNR=10dB",PESQ,1.4851174354553223
Denoiser,white,10.0,0.3,"T60=0.3, SNR=10dB",ESTOI,0.655627965927124
Denoiser,white,10.0,0.3,"T60=0.3, SNR=10dB",SI_SDR,6.87013578414917
Denoiser,inter,10.0,0.3,"T60=0.3, SNR=10dB",PESQ,1.2498232126235962
Denoiser,inter,10.0,0.3,"T60=0.3, SNR=10dB",ESTOI,0.5923574566841125
Denoiser,inter,10.0,0.3,"T60=0.3, SNR=10dB",SI_SDR,5.202723503112793
DSB,white,10.0,0.3,"T60=0.3, SNR=10dB",PESQ,1.418529748916626
DSB,white,10.0,0.3,"T60=0.3, SNR=10dB",ESTOI,0.8351132869720459
DSB,white,10.0,0.3,"T60=0.3, SNR=10dB",SI_SDR,6.237161636352539
DSB,inter,10.0,0.3,"T60=0.3, SNR=10dB",PESQ,1.727515459060669
DSB,inter,10.0,0.3,"T60=0.3, SNR=10dB",ESTOI,0.7901015281677246
DSB,inter,10.0,0.3,"T60=0.3, SNR=10dB",SI_SDR,5.2631306648254395
MVDR,white,10.0,0.3,"T60=0.3, SNR=10dB",PESQ,1.53301203250885
MVDR,white,10.0,0.3,"T60=0.3, SNR=10dB",ESTOI,0.8809836506843567
MVDR,white,10.0,0.3,"T60=0.3, SNR=10dB",SI_SDR,10.863789558410645
MVDR,inter,10.0,0.3,"T60=0.3, SNR=10dB",PESQ,2.473477602005005
MVDR,inter,10.0,0.3,"T60=0.3, SNR=10dB",ESTOI,0.84196937084198
MVDR,inter,10.0,0.3,"T60=0.3, SNR=10dB",SI_SDR,5.808846473693848
Denoiser,white,10.0,0.3,"T60=0.3, SNR=10dB",PESQ,2.192502737045288
Denoiser,white,10.0,0.3,"T60=0.3, SNR=10dB",ESTOI,0.8388559222221375
Denoiser,white,10.0,0.3,"T60=0.3, SNR=10dB",SI_SDR,11.145505905151367
Denoiser,inter,10.0,0.3,"T60=0.3, SNR=10dB",PESQ,1.5470850467681885
Denoiser,inter,10.0,0.3,"T60=0.3, SNR=10dB",ESTOI,0.7538931965827942
Denoiser,inter,10.0,0.3,"T60=0.3, SNR=10dB",SI_SDR,8.834208488464355
DSB,white,10.0,0.3,"T60=0.3, SNR=10dB",PESQ,1.4190359115600586
DSB,white,10.0,0.3,"T60=0.3, SNR=10dB",ESTOI,0.8488615155220032
DSB,white,10.0,0.3,"T60=0.3, SNR=10dB",SI_SDR,8.167856216430664
DSB,inter,10.0,0.3,"T60=0.3, SNR=10dB",PESQ,2.1328561305999756
DSB,inter,10.0,0.3,"T60=0.3, SNR=10dB",ESTOI,0.8650028705596924
DSB,inter,10.0,0.3,"T60=0.3, SNR=10dB",SI_SDR,6.796146392822266
MVDR,white,10.0,0.3,"T60=0.3, SNR=10dB",PESQ,1.5594682693481445
MVDR,white,10.0,0.3,"T60=0.3, SNR=10dB",ESTOI,0.8984370231628418
MVDR,white,10.0,0.3,"T60=0.3, SNR=10dB",SI_SDR,11.397570610046387
MVDR,inter,10.0,0.3,"T60=0.3, SNR=10dB",PESQ,2.018965721130371
MVDR,inter,10.0,0.3,"T60=0.3, SNR=10dB",ESTOI,0.8400870561599731
MVDR,inter,10.0,0.3,"T60=0.3, SNR=10dB",SI_SDR,4.946153163909912
Denoiser,white,10.0,0.3,"T60=0.3, SNR=10dB",PESQ,1.6439316272735596
Denoiser,white,10.0,0.3,"T60=0.3, SNR=10dB",ESTOI,0.7807437181472778
Denoiser,white,10.0,0.3,"T60=0.3, SNR=10dB",SI_SDR,7.946627140045166
Denoiser,inter,10.0,0.3,"T60=0.3, SNR=10dB",PESQ,1.6731626987457275
Denoiser,inter,10.0,0.3,"T60=0.3, SNR=10dB",ESTOI,0.800288736820221
Denoiser,inter,10.0,0.3,"T60=0.3, SNR=10dB",SI_SDR,5.7408528327941895
DSB,white,10.0,0.3,"T60=0.3, SNR=10dB",PESQ,1.4499424695968628
DSB,white,10.0,0.3,"T60=0.3, SNR=10dB",ESTOI,0.7885062098503113
DSB,white,10.0,0.3,"T60=0.3, SNR=10dB",SI_SDR,8.223999977111816
DSB,inter,10.0,0.3,"T60=0.3, SNR=10dB",PESQ,1.6482179164886475
DSB,inter,10.0,0.3,"T60=0.3, SNR=10dB",ESTOI,0.8411378264427185
DSB,inter,10.0,0.3,"T60=0.3, SNR=10dB",SI_SDR,6.53073787689209
MVDR,white,10.0,0.3,"T60=0.3, SNR=10dB",PESQ,1.679507851600647
MVDR,white,10.0,0.3,"T60=0.3, SNR=10dB",ESTOI,0.8532403707504272
MVDR,white,10.0,0.3,"T60=0.3, SNR=10dB",SI_SDR,12.638284683227539
MVDR,inter,10.0,0.3,"T60=0.3, SNR=10dB",PESQ,2.1367058753967285
MVDR,inter,10.0,0.3,"T60=0.3, SNR=10dB",ESTOI,0.8793689608573914
MVDR,inter,10.0,0.3,"T60=0.3, SNR=10dB",SI_SDR,2.953904151916504
Denoiser,white,10.0,0.3,"T60=0.3, SNR=10dB",PESQ,1.6836872100830078
Denoiser,white,10.0,0.3,"T60=0.3, SNR=10dB",ESTOI,0.7586304545402527
Denoiser,white,10.0,0.3,"T60=0.3, SNR=10dB",SI_SDR,8.944140434265137
Denoiser,inter,10.0,0.3,"T60=0.3, SNR=10dB",PESQ,1.4225919246673584
Denoiser,inter,10.0,0.3,"T60=0.3, SNR=10dB",ESTOI,0.7794629335403442
Denoiser,inter,10.0,0.3,"T60=0.3, SNR=10dB",SI_SDR,7.227630615234375
DSB,white,10.0,0.3,"T60=0.3, SNR=10dB",PESQ,1.1924960613250732
DSB,white,10.0,0.3,"T60=0.3, SNR=10dB",ESTOI,0.6411276459693909
DSB,white,10.0,0.3,"T60=0.3, SNR=10dB",SI_SDR,14.400897026062012
DSB,inter,10.0,0.3,"T60=0.3, SNR=10dB",PESQ,1.7952710390090942
DSB,inter,10.0,0.3,"T60=0.3, SNR=10dB",ESTOI,0.8116065263748169
DSB,inter,10.0,0.3,"T60=0.3, SNR=10dB",SI_SDR,10.639545440673828
MVDR,white,10.0,0.3,"T60=0.3, SNR=10dB",PESQ,1.292710781097412
MVDR,white,10.0,0.3,"T60=0.3, SNR=10dB",ESTOI,0.6683183908462524
MVDR,white,10.0,0.3,"T60=0.3, SNR=10dB",SI_SDR,16.611284255981445
MVDR,inter,10.0,0.3,"T60=0.3, SNR=10dB",PESQ,1.5746797323226929
MVDR,inter,10.0,0.3,"T60=0.3, SNR=10dB",ESTOI,0.8188194632530212
MVDR,inter,10.0,0.3,"T60=0.3, SNR=10dB",SI_SDR,4.739596366882324
Denoiser,white,10.0,0.3,"T60=0.3, SNR=10dB",PESQ,1.5872018337249756
Denoiser,white,10.0,0.3,"T60=0.3, SNR=10dB",ESTOI,0.603735625743866
Denoiser,white,10.0,0.3,"T60=0.3, SNR=10dB",SI_SDR,3.8201937675476074
Denoiser,inter,10.0,0.3,"T60=0.3, SNR=10dB",PESQ,1.2740581035614014
Denoiser,inter,10.0,0.3,"T60=0.3, SNR=10dB",ESTOI,0.5879599452018738
Denoiser,inter,10.0,0.3,"T60=0.3, SNR=10dB",SI_SDR,1.179129719734192
DSB,white,10.0,0.3,"T60=0.3, SNR=10dB",PESQ,1.3791179656982422
DSB,white,10.0,0.3,"T60=0.3, SNR=10dB",ESTOI,0.7778302431106567
DSB,white,10.0,0.3,"T60=0.3, SNR=10dB",SI_SDR,9.29355239868164
DSB,inter,10.0,0.3,"T60=0.3, SNR=10dB",PESQ,2.154210329055786
DSB,inter,10.0,0.3,"T60=0.3, SNR=10dB",ESTOI,0.8170904517173767
DSB,inter,10.0,0.3,"T60=0.3, SNR=10dB",SI_SDR,7.997588634490967
MVDR,white,10.0,0.3,"T60=0.3, SNR=10dB",PESQ,1.525046706199646
MVDR,white,10.0,0.3,"T60=0.3, SNR=10dB",ESTOI,0.8336628079414368
MVDR,white,10.0,0.3,"T60=0.3, SNR=10dB",SI_SDR,13.352521896362305
MVDR,inter,10.0,0.3,"T60=0.3, SNR=10dB",PESQ,2.503295421600342
MVDR,inter,10.0,0.3,"T60=0.3, SNR=10dB",ESTOI,0.8633325099945068
MVDR,inter,10.0,0.3,"T60=0.3, SNR=10dB",SI_SDR,5.594036102294922
Denoiser,white,10.0,0.3,"T60=0.3, SNR=10dB",PESQ,1.6721489429473877
Denoiser,white,10.0,0.3,"T60=0.3, SNR=10dB",ESTOI,0.6640840768814087
Denoiser,white,10.0,0.3,"T60=0.3, SNR=10dB",SI_SDR,7.368807792663574
Denoiser,inter,10.0,0.3,"T60=0.3, SNR=10dB",PESQ,1.533968210220337
Denoiser,inter,10.0,0.3,"T60=0.3, SNR=10dB",ESTOI,0.6822621822357178
Denoiser,inter,10.0,0.3,"T60=0.3, SNR=10dB",SI_SDR,5.707215785980225
DSB,white,10.0,0.3,"T60=0.3, SNR=10dB",PESQ,1.4539871215820312
DSB,white,10.0,0.3,"T60=0.3, SNR=10dB",ESTOI,0.8151167035102844
DSB,white,10.0,0.3,"T60=0.3, SNR=10dB",SI_SDR,8.299263000488281
DSB,inter,10.0,0.3,"T60=0.3, SNR=10dB",PESQ,1.8209996223449707
DSB,inter,10.0,0.3,"T60=0.3, SNR=10dB",ESTOI,0.8284850716590881
DSB,inter,10.0,0.3,"T60=0.3, SNR=10dB",SI_SDR,7.00885009765625
MVDR,white,10.0,0.3,"T60=0.3, SNR=10dB",PESQ,1.6575429439544678
MVDR,white,10.0,0.3,"T60=0.3, SNR=10dB",ESTOI,0.8694848418235779
MVDR,white,10.0,0.3,"T60=0.3, SNR=10dB",SI_SDR,12.514815330505371
MVDR,inter,10.0,0.3,"T60=0.3, SNR=10dB",PESQ,2.012125015258789
MVDR,inter,10.0,0.3,"T60=0.3, SNR=10dB",ESTOI,0.7602838277816772
MVDR,inter,10.0,0.3,"T60=0.3, SNR=10dB",SI_SDR,6.561441898345947
Denoiser,white,10.0,0.3,"T60=0.3, SNR=10dB",PESQ,2.067481756210327
Denoiser,white,10.0,0.3,"T60=0.3, SNR=10dB",ESTOI,0.7379743456840515
Denoiser,white,10.0,0.3,"T60=0.3, SNR=10dB",SI_SDR,8.790858268737793
Denoiser,inter,10.0,0.3,"T60=0.3, SNR=10dB",PESQ,1.694394588470459
Denoiser,inter,10.0,0.3,"T60=0.3, SNR=10dB",ESTOI,0.6941080689430237
Denoiser,inter,10.0,0.3,"T60=0.3, SNR=10dB",SI_SDR,7.043371200561523
DSB,white,10.0,0.3,"T60=0.3, SNR=10dB",PESQ,1.3898926973342896
DSB,white,10.0,0.3,"T60=0.3, SNR=10dB",ESTOI,0.7895008325576782
DSB,white,10.0,0.3,"T60=0.3, SNR=10dB",SI_SDR,9.431617736816406
DSB,inter,10.0,0.3,"T60=0.3, SNR=10dB",PESQ,1.7862387895584106
DSB,inter,10.0,0.3,"T60=0.3, SNR=10dB",ESTOI,0.7613216638565063
DSB,inter,10.0,0.3,"T60=0.3, SNR=10dB",SI_SDR,8.113540649414062
MVDR,white,10.0,0.3,"T60=0.3, SNR=10dB",PESQ,1.5163061618804932
MVDR,white,10.0,0.3,"T60=0.3, SNR=10dB",ESTOI,0.8555570840835571
MVDR,white,10.0,0.3,"T60=0.3, SNR=10dB",SI_SDR,13.497475624084473
MVDR,inter,10.0,0.3,"T60=0.3, SNR=10dB",PESQ,2.1485869884490967
MVDR,inter,10.0,0.3,"T60=0.3, SNR=10dB",ESTOI,0.8168116211891174
MVDR,inter,10.0,0.3,"T60=0.3, SNR=10dB",SI_SDR,4.897883892059326
Denoiser,white,10.0,0.3,"T60=0.3, SNR=10dB",PESQ,1.6379446983337402
Denoiser,white,10.0,0.3,"T60=0.3, SNR=10dB",ESTOI,0.6568475365638733
Denoiser,white,10.0,0.3,"T60=0.3, SNR=10dB",SI_SDR,7.200618267059326
Denoiser,inter,10.0,0.3,"T60=0.3, SNR=10dB",PESQ,1.2256789207458496
Denoiser,inter,10.0,0.3,"T60=0.3, SNR=10dB",ESTOI,0.634994626045227
Denoiser,inter,10.0,0.3,"T60=0.3, SNR=10dB",SI_SDR,4.567078590393066
DSB,white,10.0,0.3,"T60=0.3, SNR=10dB",PESQ,1.3351823091506958
DSB,white,10.0,0.3,"T60=0.3, SNR=10dB",ESTOI,0.7625701427459717
DSB,white,10.0,0.3,"T60=0.3, SNR=10dB",SI_SDR,9.077983856201172
DSB,inter,10.0,0.3,"T60=0.3, SNR=10dB",PESQ,1.6308066844940186
DSB,inter,10.0,0.3,"T60=0.3, SNR=10dB",ESTOI,0.7449889183044434
DSB,inter,10.0,0.3,"T60=0.3, SNR=10dB",SI_SDR,7.021026611328125
MVDR,white,10.0,0.3,"T60=0.3, SNR=10dB",PESQ,1.472212314605713
MVDR,white,10.0,0.3,"T60=0.3, SNR=10dB",ESTOI,0.8184068202972412
MVDR,white,10.0,0.3,"T60=0.3, SNR=10dB",SI_SDR,13.275114059448242
MVDR,inter,10.0,0.3,"T60=0.3, SNR=10dB",PESQ,2.1106255054473877
MVDR,inter,10.0,0.3,"T60=0.3, SNR=10dB",ESTOI,0.7904669046401978
MVDR,inter,10.0,0.3,"T60=0.3, SNR=10dB",SI_SDR,2.5882649421691895
Denoiser,white,10.0,0.3,"T60=0.3, SNR=10dB",PESQ,1.4262058734893799
Denoiser,white,10.0,0.3,"T60=0.3, SNR=10dB",ESTOI,0.6772066950798035
Denoiser,white,10.0,0.3,"T60=0.3, SNR=10dB",SI_SDR,6.540178298950195
Denoiser,inter,10.0,0.3,"T60=0.3, SNR=10dB",PESQ,1.3368761539459229
Denoiser,inter,10.0,0.3,"T60=0.3, SNR=10dB",ESTOI,0.6745851635932922
Denoiser,inter,10.0,0.3,"T60=0.3, SNR=10dB",SI_SDR,5.962234020233154
DSB,white,10.0,0.3,"T60=0.3, SNR=10dB",PESQ,1.2373788356781006
DSB,white,10.0,0.3,"T60=0.3, SNR=10dB",ESTOI,0.7545742988586426
DSB,white,10.0,0.3,"T60=0.3, SNR=10dB",SI_SDR,8.30798053741455
DSB,inter,10.0,0.3,"T60=0.3, SNR=10dB",PESQ,1.5978286266326904
DSB,inter,10.0,0.3,"T60=0.3, SNR=10dB",ESTOI,0.7423686385154724
DSB,inter,10.0,0.3,"T60=0.3, SNR=10dB",SI_SDR,7.330907821655273
MVDR,white,10.0,0.3,"T60=0.3, SNR=10dB",PESQ,1.3412916660308838
MVDR,white,10.0,0.3,"T60=0.3, SNR=10dB",ESTOI,0.8006808757781982
MVDR,white,10.0,0.3,"T60=0.3, SNR=10dB",SI_SDR,12.339593887329102
MVDR,inter,10.0,0.3,"T60=0.3, SNR=10dB",PESQ,1.905315637588501
MVDR,inter,10.0,0.3,"T60=0.3, SNR=10dB",ESTOI,0.8110371232032776
MVDR,inter,10.0,0.3,"T60=0.3, SNR=10dB",SI_SDR,5.289968967437744
Denoiser,white,10.0,0.3,"T60=0.3, SNR=10dB",PESQ,1.5662214756011963
Denoiser,white,10.0,0.3,"T60=0.3, SNR=10dB",ESTOI,0.6355531811714172
Denoiser,white,10.0,0.3,"T60=0.3, SNR=10dB",SI_SDR,8.679248809814453
Denoiser,inter,10.0,0.3,"T60=0.3, SNR=10dB",PESQ,1.3296031951904297
Denoiser,inter,10.0,0.3,"T60=0.3, SNR=10dB",ESTOI,0.5984389781951904
Denoiser,inter,10.0,0.3,"T60=0.3, SNR=10dB",SI_SDR,6.362329483032227
DSB,white,10.0,0.3,"T60=0.3, SNR=10dB",PESQ,1.3181428909301758
DSB,white,10.0,0.3,"T60=0.3, SNR=10dB",ESTOI,0.7800477147102356
DSB,white,10.0,0.3,"T60=0.3, SNR=10dB",SI_SDR,10.064992904663086
DSB,inter,10.0,0.3,"T60=0.3, SNR=10dB",PESQ,1.4463658332824707
DSB,inter,10.0,0.3,"T60=0.3, SNR=10dB",ESTOI,0.8257608413696289
DSB,inter,10.0,0.3,"T60=0.3, SNR=10dB",SI_SDR,8.19662857055664
MVDR,white,10.0,0.3,"T60=0.3, SNR=10dB",PESQ,1.4804954528808594
MVDR,white,10.0,0.3,"T60=0.3, SNR=10dB",ESTOI,0.8102304339408875
MVDR,white,10.0,0.3,"T60=0.3, SNR=10dB",SI_SDR,13.594914436340332
MVDR,inter,10.0,0.3,"T60=0.3, SNR=10dB",PESQ,1.7827448844909668
MVDR,inter,10.0,0.3,"T60=0.3, SNR=10dB",ESTOI,0.7968753576278687
MVDR,inter,10.0,0.3,"T60=0.3, SNR=10dB",SI_SDR,4.588852405548096
Denoiser,white,10.0,0.3,"T60=0.3, SNR=10dB",PESQ,1.3490405082702637
Denoiser,white,10.0,0.3,"T60=0.3, SNR=10dB",ESTOI,0.6194503903388977
Denoiser,white,10.0,0.3,"T60=0.3, SNR=10dB",SI_SDR,4.294485092163086
Denoiser,inter,10.0,0.3,"T60=0.3, SNR=10dB",PESQ,1.3201571702957153
Denoiser,inter,10.0,0.3,"T60=0.3, SNR=10dB",ESTOI,0.7007087469100952
Denoiser,inter,10.0,0.3,"T60=0.3, SNR=10dB",SI_SDR,2.6109771728515625
DSB,white,10.0,0.3,"T60=0.3, SNR=10dB",PESQ,1.2936278581619263
DSB,white,10.0,0.3,"T60=0.3, SNR=10dB",ESTOI,0.7694068551063538
DSB,white,10.0,0.3,"T60=0.3, SNR=10dB",SI_SDR,10.616369247436523
DSB,inter,10.0,0.3,"T60=0.3, SNR=10dB",PESQ,2.0703165531158447
DSB,inter,10.0,0.3,"T60=0.3, SNR=10dB",ESTOI,0.7530649304389954
DSB,inter,10.0,0.3,"T60=0.3, SNR=10dB",SI_SDR,8.281700134277344
MVDR,white,10.0,0.3,"T60=0.3, SNR=10dB",PESQ,1.4507075548171997
MVDR,white,10.0,0.3,"T60=0.3, SNR=10dB",ESTOI,0.8311740756034851
MVDR,white,10.0,0.3,"T60=0.3, SNR=10dB",SI_SDR,14.602710723876953
MVDR,inter,10.0,0.3,"T60=0.3, SNR=10dB",PESQ,2.4290390014648438
MVDR,inter,10.0,0.3,"T60=0.3, SNR=10dB",ESTOI,0.8182494044303894
MVDR,inter,10.0,0.3,"T60=0.3, SNR=10dB",SI_SDR,5.955048084259033
Denoiser,white,10.0,0.3,"T60=0.3, SNR=10dB",PESQ,1.643388271331787
Denoiser,white,10.0,0.3,"T60=0.3, SNR=10dB",ESTOI,0.7027890086174011
Denoiser,white,10.0,0.3,"T60=0.3, SNR=10dB",SI_SDR,7.924106597900391
Denoiser,inter,10.0,0.3,"T60=0.3, SNR=10dB",PESQ,1.5065444707870483
Denoiser,inter,10.0,0.3,"T60=0.3, SNR=10dB",ESTOI,0.6116154789924622
Denoiser,inter,10.0,0.3,"T60=0.3, SNR=10dB",SI_SDR,5.48964786529541
DSB,white,10.0,0.3,"T60=0.3, SNR=10dB",PESQ,1.3275851011276245
DSB,white,10.0,0.3,"T60=0.3, SNR=10dB",ESTOI,0.7818532586097717
DSB,white,10.0,0.3,"T60=0.3, SNR=10dB",SI_SDR,6.886237144470215
DSB,inter,10.0,0.3,"T60=0.3, SNR=10dB",PESQ,1.8794550895690918
DSB,inter,10.0,0.3,"T60=0.3, SNR=10dB",ESTOI,0.7426977157592773
DSB,inter,10.0,0.3,"T60=0.3, SNR=10dB",SI_SDR,5.922767639160156
MVDR,white,10.0,0.3,"T60=0.3, SNR=10dB",PESQ,1.4497554302215576
MVDR,white,10.0,0.3,"T60=0.3, SNR=10dB",ESTOI,0.84039705991745
MVDR,white,10.0,0.3,"T60=0.3, SNR=10dB",SI_SDR,10.946609497070312
MVDR,inter,10.0,0.3,"T60=0.3, SNR=10dB",PESQ,2.0871400833129883
MVDR,inter,10.0,0.3,"T60=0.3, SNR=10dB",ESTOI,0.7617805004119873
MVDR,inter,10.0,0.3,"T60=0.3, SNR=10dB",SI_SDR,4.10310697555542
Denoiser,white,10.0,0.3,"T60=0.3, SNR=10dB",PESQ,1.655689001083374
Denoiser,white,10.0,0.3,"T60=0.3, SNR=10dB",ESTOI,0.6571270227432251
Denoiser,white,10.0,0.3,"T60=0.3, SNR=10dB",SI_SDR,6.386038780212402
Denoiser,inter,10.0,0.3,"T60=0.3, SNR=10dB",PESQ,1.502110242843628
Denoiser,inter,10.0,0.3,"T60=0.3, SNR=10dB",ESTOI,0.643750011920929
Denoiser,inter,10.0,0.3,"T60=0.3, SNR=10dB",SI_SDR,5.268848419189453
DSB,white,10.0,0.3,"T60=0.3, SNR=10dB",PESQ,1.6283111572265625
DSB,white,10.0,0.3,"T60=0.3, SNR=10dB",ESTOI,0.7659459710121155
DSB,white,10.0,0.3,"T60=0.3, SNR=10dB",SI_SDR,5.687756538391113
DSB,inter,10.0,0.3,"T60=0.3, SNR=10dB",PESQ,2.0641512870788574
DSB,inter,10.0,0.3,"T60=0.3, SNR=10dB",ESTOI,0.6901009678840637
DSB,inter,10.0,0.3,"T60=0.3, SNR=10dB",SI_SDR,5.024724960327148
MVDR,white,10.0,0.3,"T60=0.3, SNR=10dB",PESQ,1.8068346977233887
MVDR,white,10.0,0.3,"T60=0.3, SNR=10dB",ESTOI,0.8405627012252808
MVDR,white,10.0,0.3,"T60=0.3, SNR=10dB",SI_SDR,10.48985481262207
MVDR,inter,10.0,0.3,"T60=0.3, SNR=10dB",PESQ,2.494428873062134
MVDR,inter,10.0,0.3,"T60=0.3, SNR=10dB",ESTOI,0.7582876682281494
MVDR,inter,10.0,0.3,"T60=0.3, SNR=10dB",SI_SDR,4.706757545471191
Denoiser,white,10.0,0.3,"T60=0.3, SNR=10dB",PESQ,1.5931435823440552
Denoiser,white,10.0,0.3,"T60=0.3, SNR=10dB",ESTOI,0.6397980451583862
Denoiser,white,10.0,0.3,"T60=0.3, SNR=10dB",SI_SDR,2.725796937942505
Denoiser,inter,10.0,0.3,"T60=0.3, SNR=10dB",PESQ,1.383392572402954
Denoiser,inter,10.0,0.3,"T60=0.3, SNR=10dB",ESTOI,0.5650842189788818
Denoiser,inter,10.0,0.3,"T60=0.3, SNR=10dB",SI_SDR,0.12023179233074188
DSB,white,10.0,0.3,"T60=0.3, SNR=10dB",PESQ,1.487949013710022
DSB,white,10.0,0.3,"T60=0.3, SNR=10dB",ESTOI,0.9100377559661865
DSB,white,10.0,0.3,"T60=0.3, SNR=10dB",SI_SDR,5.496157646179199
DSB,inter,10.0,0.3,"T60=0.3, SNR=10dB",PESQ,2.0462191104888916
DSB,inter,10.0,0.3,"T60=0.3, SNR=10dB",ESTOI,0.790989100933075
DSB,inter,10.0,0.3,"T60=0.3, SNR=10dB",SI_SDR,4.671316146850586
MVDR,white,10.0,0.3,"T60=0.3, SNR=10dB",PESQ,1.7066060304641724
MVDR,white,10.0,0.3,"T60=0.3, SNR=10dB",ESTOI,0.9503858089447021
MVDR,white,10.0,0.3,"T60=0.3, SNR=10dB",SI_SDR,11.212699890136719
MVDR,inter,10.0,0.3,"T60=0.3, SNR=10dB",PESQ,2.0128047466278076
MVDR,inter,10.0,0.3,"T60=0.3, SNR=10dB",ESTOI,0.7545931935310364
MVDR,inter,10.0,0.3,"T60=0.3, SNR=10dB",SI_SDR,5.735639572143555
Denoiser,white,10.0,0.3,"T60=0.3, SNR=10dB",PESQ,1.7707537412643433
Denoiser,white,10.0,0.3,"T60=0.3, SNR=10dB",ESTOI,0.7644248008728027
Denoiser,white,10.0,0.3,"T60=0.3, SNR=10dB",SI_SDR,7.419409275054932
Denoiser,inter,10.0,0.3,"T60=0.3, SNR=10dB",PESQ,1.4136667251586914
Denoiser,inter,10.0,0.3,"T60=0.3, SNR=10dB",ESTOI,0.7190433740615845
Denoiser,inter,10.0,0.3,"T60=0.3, SNR=10dB",SI_SDR,5.543191909790039
DSB,white,10.0,0.3,"T60=0.3, SNR=10dB",PESQ,1.3815007209777832
DSB,white,10.0,0.3,"T60=0.3, SNR=10dB",ESTOI,0.6101586222648621
DSB,white,10.0,0.3,"T60=0.3, SNR=10dB",SI_SDR,11.375972747802734
DSB,inter,10.0,0.3,"T60=0.3, SNR=10dB",PESQ,2.129770517349243
DSB,inter,10.0,0.3,"T60=0.3, SNR=10dB",ESTOI,0.7402328252792358
DSB,inter,10.0,0.3,"T60=0.3, SNR=10dB",SI_SDR,8.84865665435791
MVDR,white,10.0,0.3,"T60=0.3, SNR=10dB",PESQ,1.4795665740966797
MVDR,white,10.0,0.3,"T60=0.3, SNR=10dB",ESTOI,0.6444689035415649
MVDR,white,10.0,0.3,"T60=0.3, SNR=10dB",SI_SDR,14.873780250549316
MVDR,inter,10.0,0.3,"T60=0.3, SNR=10dB",PESQ,2.453195810317993
MVDR,inter,10.0,0.3,"T60=0.3, SNR=10dB",ESTOI,0.8093111515045166
MVDR,inter,10.0,0.3,"T60=0.3, SNR=10dB",SI_SDR,6.026191711425781
Denoiser,white,10.0,0.3,"T60=0.3, SNR=10dB",PESQ,1.8554394245147705
Denoiser,white,10.0,0.3,"T60=0.3, SNR=10dB",ESTOI,0.590889573097229
Denoiser,white,10.0,0.3,"T60=0.3, SNR=10dB",SI_SDR,8.899935722351074
Denoiser,inter,10.0,0.3,"T60=0.3, SNR=10dB",PESQ,1.6336431503295898
Denoiser,inter,10.0,0.3,"T60=0.3, SNR=10dB",ESTOI,0.6386547684669495
Denoiser,inter,10.0,0.3,"T60=0.3, SNR=10dB",SI_SDR,5.929523468017578
DSB,white,10.0,0.3,"T60=0.3, SNR=10dB",PESQ,1.5487847328186035
DSB,white,10.0,0.3,"T60=0.3, SNR=10dB",ESTOI,0.7642325758934021
DSB,white,10.0,0.3,"T60=0.3, SNR=10dB",SI_SDR,10.514314651489258
DSB,inter,10.0,0.3,"T60=0.3, SNR=10dB",PESQ,2.4880576133728027
DSB,inter,10.0,0.3,"T60=0.3, SNR=10dB",ESTOI,0.8320151567459106
DSB,inter,10.0,0.3,"T60=0.3, SNR=10dB",SI_SDR,8.808073043823242
MVDR,white,10.0,0.3,"T60=0.3, SNR=10dB",PESQ,1.7284471988677979
MVDR,white,10.0,0.3,"T60=0.3, SNR=10dB",ESTOI,0.825531005859375
MVDR,white,10.0,0.3,"T60=0.3, SNR=10dB",SI_SDR,13.623693466186523
MVDR,inter,10.0,0.3,"T60=0.3, SNR=10dB",PESQ,2.8254196643829346
MVDR,inter,10.0,0.3,"T60=0.3, SNR=10dB",ESTOI,0.8567152619361877
MVDR,inter,10.0,0.3,"T60=0.3, SNR=10dB",SI_SDR,7.094216823577881
Denoiser,white,10.0,0.3,"T60=0.3, SNR=10dB",PESQ,1.9975268840789795
Denoiser,white,10.0,0.3,"T60=0.3, SNR=10dB",ESTOI,0.7093669176101685
Denoiser,white,10.0,0.3,"T60=0.3, SNR=10dB",SI_SDR,9.463143348693848
Denoiser,inter,10.0,0.3,"T60=0.3, SNR=10dB",PESQ,1.7888445854187012
Denoiser,inter,10.0,0.3,"T60=0.3, SNR=10dB",ESTOI,0.7366133332252502
Denoiser,inter,10.0,0.3,"T60=0.3, SNR=10dB",SI_SDR,7.193443298339844
